<metadata xml:lang="en"><Esri><CreaDate>20200116</CreaDate><CreaTime>07355300</CreaTime><ArcGISFormat>1.0</ArcGISFormat><SyncOnce>FALSE</SyncOnce><DataProperties><itemProps><itemName Sync="TRUE">Polygon_MixedMultiPart_Parcels</itemName><imsContentType Sync="TRUE">002</imsContentType><itemLocation><linkage Sync="TRUE">file://\\DESKTOP-JIA5RLN\F\My Drive\48773 - Urban Design Computing Spring 2020\_99_Admin\UDC General Mapping Project\_03_ExportedData\Example SHP Importer Files\Polygon_MixedMultiPart_Parcels.shp</linkage><protocol Sync="TRUE">Local Area Network</protocol></itemLocation><itemSize Sync="TRUE">0.000</itemSize></itemProps><coordRef><type Sync="TRUE">Projected</type><geogcsn Sync="TRUE">GCS_North_American_1983</geogcsn><csUnits Sync="TRUE">Linear Unit: Foot_US (0.304801)</csUnits><peXml Sync="TRUE">&lt;ProjectedCoordinateSystem xsi:type='typens:ProjectedCoordinateSystem' xmlns:xsi='http://www.w3.org/2001/XMLSchema-instance' xmlns:xs='http://www.w3.org/2001/XMLSchema' xmlns:typens='http://www.esri.com/schemas/ArcGIS/2.7.0'&gt;&lt;WKT&gt;PROJCS[&amp;quot;NAD_1983_StatePlane_Pennsylvania_South_FIPS_3702_Feet&amp;quot;,GEOGCS[&amp;quot;GCS_North_American_1983&amp;quot;,DATUM[&amp;quot;D_North_American_1983&amp;quot;,SPHEROID[&amp;quot;GRS_1980&amp;quot;,6378137.0,298.257222101]],PRIMEM[&amp;quot;Greenwich&amp;quot;,0.0],UNIT[&amp;quot;Degree&amp;quot;,0.0174532925199433]],PROJECTION[&amp;quot;Lambert_Conformal_Conic&amp;quot;],PARAMETER[&amp;quot;False_Easting&amp;quot;,1968500.0],PARAMETER[&amp;quot;False_Northing&amp;quot;,0.0],PARAMETER[&amp;quot;Central_Meridian&amp;quot;,-77.75],PARAMETER[&amp;quot;Standard_Parallel_1&amp;quot;,39.93333333333333],PARAMETER[&amp;quot;Standard_Parallel_2&amp;quot;,40.96666666666667],PARAMETER[&amp;quot;Latitude_Of_Origin&amp;quot;,39.33333333333334],UNIT[&amp;quot;Foot_US&amp;quot;,0.3048006096012192],AUTHORITY[&amp;quot;EPSG&amp;quot;,2272]]&lt;/WKT&gt;&lt;XOrigin&gt;-119214200&lt;/XOrigin&gt;&lt;YOrigin&gt;-96198500&lt;/YOrigin&gt;&lt;XYScale&gt;37163717.489134133&lt;/XYScale&gt;&lt;ZOrigin&gt;-100000&lt;/ZOrigin&gt;&lt;ZScale&gt;10000&lt;/ZScale&gt;&lt;MOrigin&gt;-100000&lt;/MOrigin&gt;&lt;MScale&gt;10000&lt;/MScale&gt;&lt;XYTolerance&gt;0.0032808333333333331&lt;/XYTolerance&gt;&lt;ZTolerance&gt;0.001&lt;/ZTolerance&gt;&lt;MTolerance&gt;0.001&lt;/MTolerance&gt;&lt;HighPrecision&gt;true&lt;/HighPrecision&gt;&lt;WKID&gt;102729&lt;/WKID&gt;&lt;LatestWKID&gt;2272&lt;/LatestWKID&gt;&lt;/ProjectedCoordinateSystem&gt;</peXml><projcsn Sync="TRUE">NAD_1983_StatePlane_Pennsylvania_South_FIPS_3702_Feet</projcsn></coordRef><lineage><Process ToolSource="c:\program files\arcgis\pro\Resources\ArcToolbox\toolboxes\Conversion Tools.tbx\FeatureClassToFeatureClass" Date="20200116" Time="073612">FeatureClassToFeatureClass "D:\Google_Drive\48773 - Emerging Media Spring 2020\_99_Admin\Demo 1 Mapping Project\Source Data\Urbanfootprint - Pittsburgh - Base Canvas_\Pittsburgh_Parcels.shp" "D:\Google_Drive\48773 - Emerging Media Spring 2020\_99_Admin\Demo 1 Mapping Project\Demo 1 Mapping Project.gdb" Pittsburgh_Parcel # "id "id" true true false 80 Text 0 0,First,#,D:\Google_Drive\48773 - Emerging Media Spring 2020\_99_Admin\Demo 1 Mapping Project\Source Data\Urbanfootprint - Pittsburgh - Base Canvas_\Pittsburgh_Parcels.shp,id,0,80;land_use_c "land_use_c" true true false 80 Text 0 0,First,#,D:\Google_Drive\48773 - Emerging Media Spring 2020\_99_Admin\Demo 1 Mapping Project\Source Data\Urbanfootprint - Pittsburgh - Base Canvas_\Pittsburgh_Parcels.shp,land_use_c,0,80;land_use_1 "land_use_1" true true false 80 Text 0 0,First,#,D:\Google_Drive\48773 - Emerging Media Spring 2020\_99_Admin\Demo 1 Mapping Project\Source Data\Urbanfootprint - Pittsburgh - Base Canvas_\Pittsburgh_Parcels.shp,land_use_1,0,80;land_use_2 "land_use_2" true true false 80 Text 0 0,First,#,D:\Google_Drive\48773 - Emerging Media Spring 2020\_99_Admin\Demo 1 Mapping Project\Source Data\Urbanfootprint - Pittsburgh - Base Canvas_\Pittsburgh_Parcels.shp,land_use_2,0,80;built_form "built_form" true true false 80 Text 0 0,First,#,D:\Google_Drive\48773 - Emerging Media Spring 2020\_99_Admin\Demo 1 Mapping Project\Source Data\Urbanfootprint - Pittsburgh - Base Canvas_\Pittsburgh_Parcels.shp,built_form,0,80;land_devel "land_devel" true true false 80 Text 0 0,First,#,D:\Google_Drive\48773 - Emerging Media Spring 2020\_99_Admin\Demo 1 Mapping Project\Source Data\Urbanfootprint - Pittsburgh - Base Canvas_\Pittsburgh_Parcels.shp,land_devel,0,80;geometry_k "geometry_k" true true false 80 Text 0 0,First,#,D:\Google_Drive\48773 - Emerging Media Spring 2020\_99_Admin\Demo 1 Mapping Project\Source Data\Urbanfootprint - Pittsburgh - Base Canvas_\Pittsburgh_Parcels.shp,geometry_k,0,80;intersecti "intersecti" true true false 24 Double 15 23,First,#,D:\Google_Drive\48773 - Emerging Media Spring 2020\_99_Admin\Demo 1 Mapping Project\Source Data\Urbanfootprint - Pittsburgh - Base Canvas_\Pittsburgh_Parcels.shp,intersecti,-1,-1;area_gross "area_gross" true true false 24 Double 15 23,First,#,D:\Google_Drive\48773 - Emerging Media Spring 2020\_99_Admin\Demo 1 Mapping Project\Source Data\Urbanfootprint - Pittsburgh - Base Canvas_\Pittsburgh_Parcels.shp,area_gross,-1,-1;pop "pop" true true false 24 Double 15 23,First,#,D:\Google_Drive\48773 - Emerging Media Spring 2020\_99_Admin\Demo 1 Mapping Project\Source Data\Urbanfootprint - Pittsburgh - Base Canvas_\Pittsburgh_Parcels.shp,pop,-1,-1;hh "hh" true true false 24 Double 15 23,First,#,D:\Google_Drive\48773 - Emerging Media Spring 2020\_99_Admin\Demo 1 Mapping Project\Source Data\Urbanfootprint - Pittsburgh - Base Canvas_\Pittsburgh_Parcels.shp,hh,-1,-1;du "du" true true false 24 Double 15 23,First,#,D:\Google_Drive\48773 - Emerging Media Spring 2020\_99_Admin\Demo 1 Mapping Project\Source Data\Urbanfootprint - Pittsburgh - Base Canvas_\Pittsburgh_Parcels.shp,du,-1,-1;du_detsf "du_detsf" true true false 24 Double 15 23,First,#,D:\Google_Drive\48773 - Emerging Media Spring 2020\_99_Admin\Demo 1 Mapping Project\Source Data\Urbanfootprint - Pittsburgh - Base Canvas_\Pittsburgh_Parcels.shp,du_detsf,-1,-1;du_detsf_l "du_detsf_l" true true false 24 Double 15 23,First,#,D:\Google_Drive\48773 - Emerging Media Spring 2020\_99_Admin\Demo 1 Mapping Project\Source Data\Urbanfootprint - Pittsburgh - Base Canvas_\Pittsburgh_Parcels.shp,du_detsf_l,-1,-1;du_detsf_s "du_detsf_s" true true false 24 Double 15 23,First,#,D:\Google_Drive\48773 - Emerging Media Spring 2020\_99_Admin\Demo 1 Mapping Project\Source Data\Urbanfootprint - Pittsburgh - Base Canvas_\Pittsburgh_Parcels.shp,du_detsf_s,-1,-1;du_attsf "du_attsf" true true false 24 Double 15 23,First,#,D:\Google_Drive\48773 - Emerging Media Spring 2020\_99_Admin\Demo 1 Mapping Project\Source Data\Urbanfootprint - Pittsburgh - Base Canvas_\Pittsburgh_Parcels.shp,du_attsf,-1,-1;du_mf "du_mf" true true false 24 Double 15 23,First,#,D:\Google_Drive\48773 - Emerging Media Spring 2020\_99_Admin\Demo 1 Mapping Project\Source Data\Urbanfootprint - Pittsburgh - Base Canvas_\Pittsburgh_Parcels.shp,du_mf,-1,-1;du_mf2to4 "du_mf2to4" true true false 24 Double 15 23,First,#,D:\Google_Drive\48773 - Emerging Media Spring 2020\_99_Admin\Demo 1 Mapping Project\Source Data\Urbanfootprint - Pittsburgh - Base Canvas_\Pittsburgh_Parcels.shp,du_mf2to4,-1,-1;du_mf5p "du_mf5p" true true false 24 Double 15 23,First,#,D:\Google_Drive\48773 - Emerging Media Spring 2020\_99_Admin\Demo 1 Mapping Project\Source Data\Urbanfootprint - Pittsburgh - Base Canvas_\Pittsburgh_Parcels.shp,du_mf5p,-1,-1;emp "emp" true true false 24 Double 15 23,First,#,D:\Google_Drive\48773 - Emerging Media Spring 2020\_99_Admin\Demo 1 Mapping Project\Source Data\Urbanfootprint - Pittsburgh - Base Canvas_\Pittsburgh_Parcels.shp,emp,-1,-1;emp_ret "emp_ret" true true false 24 Double 15 23,First,#,D:\Google_Drive\48773 - Emerging Media Spring 2020\_99_Admin\Demo 1 Mapping Project\Source Data\Urbanfootprint - Pittsburgh - Base Canvas_\Pittsburgh_Parcels.shp,emp_ret,-1,-1;emp_off "emp_off" true true false 24 Double 15 23,First,#,D:\Google_Drive\48773 - Emerging Media Spring 2020\_99_Admin\Demo 1 Mapping Project\Source Data\Urbanfootprint - Pittsburgh - Base Canvas_\Pittsburgh_Parcels.shp,emp_off,-1,-1;emp_pub "emp_pub" true true false 24 Double 15 23,First,#,D:\Google_Drive\48773 - Emerging Media Spring 2020\_99_Admin\Demo 1 Mapping Project\Source Data\Urbanfootprint - Pittsburgh - Base Canvas_\Pittsburgh_Parcels.shp,emp_pub,-1,-1;emp_ind "emp_ind" true true false 24 Double 15 23,First,#,D:\Google_Drive\48773 - Emerging Media Spring 2020\_99_Admin\Demo 1 Mapping Project\Source Data\Urbanfootprint - Pittsburgh - Base Canvas_\Pittsburgh_Parcels.shp,emp_ind,-1,-1;emp_ag "emp_ag" true true false 24 Double 15 23,First,#,D:\Google_Drive\48773 - Emerging Media Spring 2020\_99_Admin\Demo 1 Mapping Project\Source Data\Urbanfootprint - Pittsburgh - Base Canvas_\Pittsburgh_Parcels.shp,emp_ag,-1,-1;emp_milita "emp_milita" true true false 24 Double 15 23,First,#,D:\Google_Drive\48773 - Emerging Media Spring 2020\_99_Admin\Demo 1 Mapping Project\Source Data\Urbanfootprint - Pittsburgh - Base Canvas_\Pittsburgh_Parcels.shp,emp_milita,-1,-1;emp_retail "emp_retail" true true false 24 Double 15 23,First,#,D:\Google_Drive\48773 - Emerging Media Spring 2020\_99_Admin\Demo 1 Mapping Project\Source Data\Urbanfootprint - Pittsburgh - Base Canvas_\Pittsburgh_Parcels.shp,emp_retail,-1,-1;emp_restau "emp_restau" true true false 24 Double 15 23,First,#,D:\Google_Drive\48773 - Emerging Media Spring 2020\_99_Admin\Demo 1 Mapping Project\Source Data\Urbanfootprint - Pittsburgh - Base Canvas_\Pittsburgh_Parcels.shp,emp_restau,-1,-1;emp_accomm "emp_accomm" true true false 24 Double 15 23,First,#,D:\Google_Drive\48773 - Emerging Media Spring 2020\_99_Admin\Demo 1 Mapping Project\Source Data\Urbanfootprint - Pittsburgh - Base Canvas_\Pittsburgh_Parcels.shp,emp_accomm,-1,-1;emp_arts_e "emp_arts_e" true true false 24 Double 15 23,First,#,D:\Google_Drive\48773 - Emerging Media Spring 2020\_99_Admin\Demo 1 Mapping Project\Source Data\Urbanfootprint - Pittsburgh - Base Canvas_\Pittsburgh_Parcels.shp,emp_arts_e,-1,-1;emp_other_ "emp_other_" true true false 24 Double 15 23,First,#,D:\Google_Drive\48773 - Emerging Media Spring 2020\_99_Admin\Demo 1 Mapping Project\Source Data\Urbanfootprint - Pittsburgh - Base Canvas_\Pittsburgh_Parcels.shp,emp_other_,-1,-1;emp_office "emp_office" true true false 24 Double 15 23,First,#,D:\Google_Drive\48773 - Emerging Media Spring 2020\_99_Admin\Demo 1 Mapping Project\Source Data\Urbanfootprint - Pittsburgh - Base Canvas_\Pittsburgh_Parcels.shp,emp_office,-1,-1;emp_public "emp_public" true true false 24 Double 15 23,First,#,D:\Google_Drive\48773 - Emerging Media Spring 2020\_99_Admin\Demo 1 Mapping Project\Source Data\Urbanfootprint - Pittsburgh - Base Canvas_\Pittsburgh_Parcels.shp,emp_public,-1,-1;emp_educat "emp_educat" true true false 24 Double 15 23,First,#,D:\Google_Drive\48773 - Emerging Media Spring 2020\_99_Admin\Demo 1 Mapping Project\Source Data\Urbanfootprint - Pittsburgh - Base Canvas_\Pittsburgh_Parcels.shp,emp_educat,-1,-1;emp_medica "emp_medica" true true false 24 Double 15 23,First,#,D:\Google_Drive\48773 - Emerging Media Spring 2020\_99_Admin\Demo 1 Mapping Project\Source Data\Urbanfootprint - Pittsburgh - Base Canvas_\Pittsburgh_Parcels.shp,emp_medica,-1,-1;emp_manufa "emp_manufa" true true false 24 Double 15 23,First,#,D:\Google_Drive\48773 - Emerging Media Spring 2020\_99_Admin\Demo 1 Mapping Project\Source Data\Urbanfootprint - Pittsburgh - Base Canvas_\Pittsburgh_Parcels.shp,emp_manufa,-1,-1;emp_wholes "emp_wholes" true true false 24 Double 15 23,First,#,D:\Google_Drive\48773 - Emerging Media Spring 2020\_99_Admin\Demo 1 Mapping Project\Source Data\Urbanfootprint - Pittsburgh - Base Canvas_\Pittsburgh_Parcels.shp,emp_wholes,-1,-1;emp_transp "emp_transp" true true false 24 Double 15 23,First,#,D:\Google_Drive\48773 - Emerging Media Spring 2020\_99_Admin\Demo 1 Mapping Project\Source Data\Urbanfootprint - Pittsburgh - Base Canvas_\Pittsburgh_Parcels.shp,emp_transp,-1,-1;emp_utilit "emp_utilit" true true false 24 Double 15 23,First,#,D:\Google_Drive\48773 - Emerging Media Spring 2020\_99_Admin\Demo 1 Mapping Project\Source Data\Urbanfootprint - Pittsburgh - Base Canvas_\Pittsburgh_Parcels.shp,emp_utilit,-1,-1;emp_constr "emp_constr" true true false 24 Double 15 23,First,#,D:\Google_Drive\48773 - Emerging Media Spring 2020\_99_Admin\Demo 1 Mapping Project\Source Data\Urbanfootprint - Pittsburgh - Base Canvas_\Pittsburgh_Parcels.shp,emp_constr,-1,-1;emp_agricu "emp_agricu" true true false 24 Double 15 23,First,#,D:\Google_Drive\48773 - Emerging Media Spring 2020\_99_Admin\Demo 1 Mapping Project\Source Data\Urbanfootprint - Pittsburgh - Base Canvas_\Pittsburgh_Parcels.shp,emp_agricu,-1,-1;emp_extrac "emp_extrac" true true false 24 Double 15 23,First,#,D:\Google_Drive\48773 - Emerging Media Spring 2020\_99_Admin\Demo 1 Mapping Project\Source Data\Urbanfootprint - Pittsburgh - Base Canvas_\Pittsburgh_Parcels.shp,emp_extrac,-1,-1;bldg_area_ "bldg_area_" true true false 24 Double 15 23,First,#,D:\Google_Drive\48773 - Emerging Media Spring 2020\_99_Admin\Demo 1 Mapping Project\Source Data\Urbanfootprint - Pittsburgh - Base Canvas_\Pittsburgh_Parcels.shp,bldg_area_,-1,-1;bldg_are_1 "bldg_are_1" true true false 24 Double 15 23,First,#,D:\Google_Drive\48773 - Emerging Media Spring 2020\_99_Admin\Demo 1 Mapping Project\Source Data\Urbanfootprint - Pittsburgh - Base Canvas_\Pittsburgh_Parcels.shp,bldg_are_1,-1,-1;bldg_are_2 "bldg_are_2" true true false 24 Double 15 23,First,#,D:\Google_Drive\48773 - Emerging Media Spring 2020\_99_Admin\Demo 1 Mapping Project\Source Data\Urbanfootprint - Pittsburgh - Base Canvas_\Pittsburgh_Parcels.shp,bldg_are_2,-1,-1;bldg_are_3 "bldg_are_3" true true false 24 Double 15 23,First,#,D:\Google_Drive\48773 - Emerging Media Spring 2020\_99_Admin\Demo 1 Mapping Project\Source Data\Urbanfootprint - Pittsburgh - Base Canvas_\Pittsburgh_Parcels.shp,bldg_are_3,-1,-1;bldg_are_4 "bldg_are_4" true true false 24 Double 15 23,First,#,D:\Google_Drive\48773 - Emerging Media Spring 2020\_99_Admin\Demo 1 Mapping Project\Source Data\Urbanfootprint - Pittsburgh - Base Canvas_\Pittsburgh_Parcels.shp,bldg_are_4,-1,-1;bldg_are_5 "bldg_are_5" true true false 24 Double 15 23,First,#,D:\Google_Drive\48773 - Emerging Media Spring 2020\_99_Admin\Demo 1 Mapping Project\Source Data\Urbanfootprint - Pittsburgh - Base Canvas_\Pittsburgh_Parcels.shp,bldg_are_5,-1,-1;bldg_are_6 "bldg_are_6" true true false 24 Double 15 23,First,#,D:\Google_Drive\48773 - Emerging Media Spring 2020\_99_Admin\Demo 1 Mapping Project\Source Data\Urbanfootprint - Pittsburgh - Base Canvas_\Pittsburgh_Parcels.shp,bldg_are_6,-1,-1;bldg_are_7 "bldg_are_7" true true false 24 Double 15 23,First,#,D:\Google_Drive\48773 - Emerging Media Spring 2020\_99_Admin\Demo 1 Mapping Project\Source Data\Urbanfootprint - Pittsburgh - Base Canvas_\Pittsburgh_Parcels.shp,bldg_are_7,-1,-1;bldg_are_8 "bldg_are_8" true true false 24 Double 15 23,First,#,D:\Google_Drive\48773 - Emerging Media Spring 2020\_99_Admin\Demo 1 Mapping Project\Source Data\Urbanfootprint - Pittsburgh - Base Canvas_\Pittsburgh_Parcels.shp,bldg_are_8,-1,-1;bldg_are_9 "bldg_are_9" true true false 24 Double 15 23,First,#,D:\Google_Drive\48773 - Emerging Media Spring 2020\_99_Admin\Demo 1 Mapping Project\Source Data\Urbanfootprint - Pittsburgh - Base Canvas_\Pittsburgh_Parcels.shp,bldg_are_9,-1,-1;bldg_are10 "bldg_are10" true true false 24 Double 15 23,First,#,D:\Google_Drive\48773 - Emerging Media Spring 2020\_99_Admin\Demo 1 Mapping Project\Source Data\Urbanfootprint - Pittsburgh - Base Canvas_\Pittsburgh_Parcels.shp,bldg_are10,-1,-1;bldg_are11 "bldg_are11" true true false 24 Double 15 23,First,#,D:\Google_Drive\48773 - Emerging Media Spring 2020\_99_Admin\Demo 1 Mapping Project\Source Data\Urbanfootprint - Pittsburgh - Base Canvas_\Pittsburgh_Parcels.shp,bldg_are11,-1,-1;bldg_are12 "bldg_are12" true true false 24 Double 15 23,First,#,D:\Google_Drive\48773 - Emerging Media Spring 2020\_99_Admin\Demo 1 Mapping Project\Source Data\Urbanfootprint - Pittsburgh - Base Canvas_\Pittsburgh_Parcels.shp,bldg_are12,-1,-1;bldg_are13 "bldg_are13" true true false 24 Double 15 23,First,#,D:\Google_Drive\48773 - Emerging Media Spring 2020\_99_Admin\Demo 1 Mapping Project\Source Data\Urbanfootprint - Pittsburgh - Base Canvas_\Pittsburgh_Parcels.shp,bldg_are13,-1,-1;bldg_are14 "bldg_are14" true true false 24 Double 15 23,First,#,D:\Google_Drive\48773 - Emerging Media Spring 2020\_99_Admin\Demo 1 Mapping Project\Source Data\Urbanfootprint - Pittsburgh - Base Canvas_\Pittsburgh_Parcels.shp,bldg_are14,-1,-1;area_parce "area_parce" true true false 24 Double 15 23,First,#,D:\Google_Drive\48773 - Emerging Media Spring 2020\_99_Admin\Demo 1 Mapping Project\Source Data\Urbanfootprint - Pittsburgh - Base Canvas_\Pittsburgh_Parcels.shp,area_parce,-1,-1;area_par_1 "area_par_1" true true false 24 Double 15 23,First,#,D:\Google_Drive\48773 - Emerging Media Spring 2020\_99_Admin\Demo 1 Mapping Project\Source Data\Urbanfootprint - Pittsburgh - Base Canvas_\Pittsburgh_Parcels.shp,area_par_1,-1,-1;area_par_2 "area_par_2" true true false 24 Double 15 23,First,#,D:\Google_Drive\48773 - Emerging Media Spring 2020\_99_Admin\Demo 1 Mapping Project\Source Data\Urbanfootprint - Pittsburgh - Base Canvas_\Pittsburgh_Parcels.shp,area_par_2,-1,-1;area_par_3 "area_par_3" true true false 24 Double 15 23,First,#,D:\Google_Drive\48773 - Emerging Media Spring 2020\_99_Admin\Demo 1 Mapping Project\Source Data\Urbanfootprint - Pittsburgh - Base Canvas_\Pittsburgh_Parcels.shp,area_par_3,-1,-1;area_par_4 "area_par_4" true true false 24 Double 15 23,First,#,D:\Google_Drive\48773 - Emerging Media Spring 2020\_99_Admin\Demo 1 Mapping Project\Source Data\Urbanfootprint - Pittsburgh - Base Canvas_\Pittsburgh_Parcels.shp,area_par_4,-1,-1;area_par_5 "area_par_5" true true false 24 Double 15 23,First,#,D:\Google_Drive\48773 - Emerging Media Spring 2020\_99_Admin\Demo 1 Mapping Project\Source Data\Urbanfootprint - Pittsburgh - Base Canvas_\Pittsburgh_Parcels.shp,area_par_5,-1,-1;area_par_6 "area_par_6" true true false 24 Double 15 23,First,#,D:\Google_Drive\48773 - Emerging Media Spring 2020\_99_Admin\Demo 1 Mapping Project\Source Data\Urbanfootprint - Pittsburgh - Base Canvas_\Pittsburgh_Parcels.shp,area_par_6,-1,-1;area_par_7 "area_par_7" true true false 24 Double 15 23,First,#,D:\Google_Drive\48773 - Emerging Media Spring 2020\_99_Admin\Demo 1 Mapping Project\Source Data\Urbanfootprint - Pittsburgh - Base Canvas_\Pittsburgh_Parcels.shp,area_par_7,-1,-1;area_par_8 "area_par_8" true true false 24 Double 15 23,First,#,D:\Google_Drive\48773 - Emerging Media Spring 2020\_99_Admin\Demo 1 Mapping Project\Source Data\Urbanfootprint - Pittsburgh - Base Canvas_\Pittsburgh_Parcels.shp,area_par_8,-1,-1;area_par_9 "area_par_9" true true false 24 Double 15 23,First,#,D:\Google_Drive\48773 - Emerging Media Spring 2020\_99_Admin\Demo 1 Mapping Project\Source Data\Urbanfootprint - Pittsburgh - Base Canvas_\Pittsburgh_Parcels.shp,area_par_9,-1,-1;area_par10 "area_par10" true true false 24 Double 15 23,First,#,D:\Google_Drive\48773 - Emerging Media Spring 2020\_99_Admin\Demo 1 Mapping Project\Source Data\Urbanfootprint - Pittsburgh - Base Canvas_\Pittsburgh_Parcels.shp,area_par10,-1,-1;area_par11 "area_par11" true true false 24 Double 15 23,First,#,D:\Google_Drive\48773 - Emerging Media Spring 2020\_99_Admin\Demo 1 Mapping Project\Source Data\Urbanfootprint - Pittsburgh - Base Canvas_\Pittsburgh_Parcels.shp,area_par11,-1,-1;area_par12 "area_par12" true true false 24 Double 15 23,First,#,D:\Google_Drive\48773 - Emerging Media Spring 2020\_99_Admin\Demo 1 Mapping Project\Source Data\Urbanfootprint - Pittsburgh - Base Canvas_\Pittsburgh_Parcels.shp,area_par12,-1,-1;area_par13 "area_par13" true true false 24 Double 15 23,First,#,D:\Google_Drive\48773 - Emerging Media Spring 2020\_99_Admin\Demo 1 Mapping Project\Source Data\Urbanfootprint - Pittsburgh - Base Canvas_\Pittsburgh_Parcels.shp,area_par13,-1,-1;area_par14 "area_par14" true true false 24 Double 15 23,First,#,D:\Google_Drive\48773 - Emerging Media Spring 2020\_99_Admin\Demo 1 Mapping Project\Source Data\Urbanfootprint - Pittsburgh - Base Canvas_\Pittsburgh_Parcels.shp,area_par14,-1,-1;area_par15 "area_par15" true true false 24 Double 15 23,First,#,D:\Google_Drive\48773 - Emerging Media Spring 2020\_99_Admin\Demo 1 Mapping Project\Source Data\Urbanfootprint - Pittsburgh - Base Canvas_\Pittsburgh_Parcels.shp,area_par15,-1,-1;area_dev_c "area_dev_c" true true false 24 Double 15 23,First,#,D:\Google_Drive\48773 - Emerging Media Spring 2020\_99_Admin\Demo 1 Mapping Project\Source Data\Urbanfootprint - Pittsburgh - Base Canvas_\Pittsburgh_Parcels.shp,area_dev_c,-1,-1;area_row "area_row" true true false 24 Double 15 23,First,#,D:\Google_Drive\48773 - Emerging Media Spring 2020\_99_Admin\Demo 1 Mapping Project\Source Data\Urbanfootprint - Pittsburgh - Base Canvas_\Pittsburgh_Parcels.shp,area_row,-1,-1;residentia "residentia" true true false 24 Double 15 23,First,#,D:\Google_Drive\48773 - Emerging Media Spring 2020\_99_Admin\Demo 1 Mapping Project\Source Data\Urbanfootprint - Pittsburgh - Base Canvas_\Pittsburgh_Parcels.shp,residentia,-1,-1;commercial "commercial" true true false 24 Double 15 23,First,#,D:\Google_Drive\48773 - Emerging Media Spring 2020\_99_Admin\Demo 1 Mapping Project\Source Data\Urbanfootprint - Pittsburgh - Base Canvas_\Pittsburgh_Parcels.shp,commercial,-1,-1;pop_groupq "pop_groupq" true true false 24 Double 15 23,First,#,D:\Google_Drive\48773 - Emerging Media Spring 2020\_99_Admin\Demo 1 Mapping Project\Source Data\Urbanfootprint - Pittsburgh - Base Canvas_\Pittsburgh_Parcels.shp,pop_groupq,-1,-1;uf_is_pain "uf_is_pain" true true false 18 Double 0 18,First,#,D:\Google_Drive\48773 - Emerging Media Spring 2020\_99_Admin\Demo 1 Mapping Project\Source Data\Urbanfootprint - Pittsburgh - Base Canvas_\Pittsburgh_Parcels.shp,uf_is_pain,-1,-1" #</Process><Process ToolSource="c:\program files\arcgis\pro\Resources\ArcToolbox\toolboxes\Conversion Tools.tbx\FeatureClassToFeatureClass" Date="20200118" Time="105917">FeatureClassToFeatureClass Pittsburgh_Parcel "D:\Google_Drive\48773 - Urban Design Computing Spring 2020\_03_Class_Sessions\UDC-3-GIS Intro\Demo 1 Mapping Project\Demo 1 Mapping Project.gdb" Pittsburgh_Parcels # "id "id" true true false 80 Text 0 0,First,#,Pittsburgh_Parcel,id,0,80;land_use_c "land_use_c" true true false 80 Text 0 0,First,#,Pittsburgh_Parcel,land_use_c,0,80;land_use_1 "land_use_1" true true false 80 Text 0 0,First,#,Pittsburgh_Parcel,land_use_1,0,80;land_use_2 "land_use_2" true true false 80 Text 0 0,First,#,Pittsburgh_Parcel,land_use_2,0,80;built_form "built_form" true true false 80 Text 0 0,First,#,Pittsburgh_Parcel,built_form,0,80;land_devel "land_devel" true true false 80 Text 0 0,First,#,Pittsburgh_Parcel,land_devel,0,80;geometry_k "geometry_k" true true false 80 Text 0 0,First,#,Pittsburgh_Parcel,geometry_k,0,80;intersecti "intersecti" true true false 8 Double 0 0,First,#,Pittsburgh_Parcel,intersecti,-1,-1;area_gross "area_gross" true true false 8 Double 0 0,First,#,Pittsburgh_Parcel,area_gross,-1,-1;pop "pop" true true false 8 Double 0 0,First,#,Pittsburgh_Parcel,pop,-1,-1;hh "hh" true true false 8 Double 0 0,First,#,Pittsburgh_Parcel,hh,-1,-1;du "du" true true false 8 Double 0 0,First,#,Pittsburgh_Parcel,du,-1,-1;du_detsf "du_detsf" true true false 8 Double 0 0,First,#,Pittsburgh_Parcel,du_detsf,-1,-1;du_detsf_l "du_detsf_l" true true false 8 Double 0 0,First,#,Pittsburgh_Parcel,du_detsf_l,-1,-1;du_detsf_s "du_detsf_s" true true false 8 Double 0 0,First,#,Pittsburgh_Parcel,du_detsf_s,-1,-1;du_attsf "du_attsf" true true false 8 Double 0 0,First,#,Pittsburgh_Parcel,du_attsf,-1,-1;du_mf "du_mf" true true false 8 Double 0 0,First,#,Pittsburgh_Parcel,du_mf,-1,-1;du_mf2to4 "du_mf2to4" true true false 8 Double 0 0,First,#,Pittsburgh_Parcel,du_mf2to4,-1,-1;du_mf5p "du_mf5p" true true false 8 Double 0 0,First,#,Pittsburgh_Parcel,du_mf5p,-1,-1;emp "emp" true true false 8 Double 0 0,First,#,Pittsburgh_Parcel,emp,-1,-1;emp_ret "emp_ret" true true false 8 Double 0 0,First,#,Pittsburgh_Parcel,emp_ret,-1,-1;emp_off "emp_off" true true false 8 Double 0 0,First,#,Pittsburgh_Parcel,emp_off,-1,-1;emp_pub "emp_pub" true true false 8 Double 0 0,First,#,Pittsburgh_Parcel,emp_pub,-1,-1;emp_ind "emp_ind" true true false 8 Double 0 0,First,#,Pittsburgh_Parcel,emp_ind,-1,-1;emp_ag "emp_ag" true true false 8 Double 0 0,First,#,Pittsburgh_Parcel,emp_ag,-1,-1;emp_milita "emp_milita" true true false 8 Double 0 0,First,#,Pittsburgh_Parcel,emp_milita,-1,-1;emp_retail "emp_retail" true true false 8 Double 0 0,First,#,Pittsburgh_Parcel,emp_retail,-1,-1;emp_restau "emp_restau" true true false 8 Double 0 0,First,#,Pittsburgh_Parcel,emp_restau,-1,-1;emp_accomm "emp_accomm" true true false 8 Double 0 0,First,#,Pittsburgh_Parcel,emp_accomm,-1,-1;emp_arts_e "emp_arts_e" true true false 8 Double 0 0,First,#,Pittsburgh_Parcel,emp_arts_e,-1,-1;emp_other_ "emp_other_" true true false 8 Double 0 0,First,#,Pittsburgh_Parcel,emp_other_,-1,-1;emp_office "emp_office" true true false 8 Double 0 0,First,#,Pittsburgh_Parcel,emp_office,-1,-1;emp_public "emp_public" true true false 8 Double 0 0,First,#,Pittsburgh_Parcel,emp_public,-1,-1;emp_educat "emp_educat" true true false 8 Double 0 0,First,#,Pittsburgh_Parcel,emp_educat,-1,-1;emp_medica "emp_medica" true true false 8 Double 0 0,First,#,Pittsburgh_Parcel,emp_medica,-1,-1;emp_manufa "emp_manufa" true true false 8 Double 0 0,First,#,Pittsburgh_Parcel,emp_manufa,-1,-1;emp_wholes "emp_wholes" true true false 8 Double 0 0,First,#,Pittsburgh_Parcel,emp_wholes,-1,-1;emp_transp "emp_transp" true true false 8 Double 0 0,First,#,Pittsburgh_Parcel,emp_transp,-1,-1;emp_utilit "emp_utilit" true true false 8 Double 0 0,First,#,Pittsburgh_Parcel,emp_utilit,-1,-1;emp_constr "emp_constr" true true false 8 Double 0 0,First,#,Pittsburgh_Parcel,emp_constr,-1,-1;emp_agricu "emp_agricu" true true false 8 Double 0 0,First,#,Pittsburgh_Parcel,emp_agricu,-1,-1;emp_extrac "emp_extrac" true true false 8 Double 0 0,First,#,Pittsburgh_Parcel,emp_extrac,-1,-1;bldg_area_ "bldg_area_" true true false 8 Double 0 0,First,#,Pittsburgh_Parcel,bldg_area_,-1,-1;bldg_are_1 "bldg_are_1" true true false 8 Double 0 0,First,#,Pittsburgh_Parcel,bldg_are_1,-1,-1;bldg_are_2 "bldg_are_2" true true false 8 Double 0 0,First,#,Pittsburgh_Parcel,bldg_are_2,-1,-1;bldg_are_3 "bldg_are_3" true true false 8 Double 0 0,First,#,Pittsburgh_Parcel,bldg_are_3,-1,-1;bldg_are_4 "bldg_are_4" true true false 8 Double 0 0,First,#,Pittsburgh_Parcel,bldg_are_4,-1,-1;bldg_are_5 "bldg_are_5" true true false 8 Double 0 0,First,#,Pittsburgh_Parcel,bldg_are_5,-1,-1;bldg_are_6 "bldg_are_6" true true false 8 Double 0 0,First,#,Pittsburgh_Parcel,bldg_are_6,-1,-1;bldg_are_7 "bldg_are_7" true true false 8 Double 0 0,First,#,Pittsburgh_Parcel,bldg_are_7,-1,-1;bldg_are_8 "bldg_are_8" true true false 8 Double 0 0,First,#,Pittsburgh_Parcel,bldg_are_8,-1,-1;bldg_are_9 "bldg_are_9" true true false 8 Double 0 0,First,#,Pittsburgh_Parcel,bldg_are_9,-1,-1;bldg_are10 "bldg_are10" true true false 8 Double 0 0,First,#,Pittsburgh_Parcel,bldg_are10,-1,-1;bldg_are11 "bldg_are11" true true false 8 Double 0 0,First,#,Pittsburgh_Parcel,bldg_are11,-1,-1;bldg_are12 "bldg_are12" true true false 8 Double 0 0,First,#,Pittsburgh_Parcel,bldg_are12,-1,-1;bldg_are13 "bldg_are13" true true false 8 Double 0 0,First,#,Pittsburgh_Parcel,bldg_are13,-1,-1;bldg_are14 "bldg_are14" true true false 8 Double 0 0,First,#,Pittsburgh_Parcel,bldg_are14,-1,-1;area_parce "area_parce" true true false 8 Double 0 0,First,#,Pittsburgh_Parcel,area_parce,-1,-1;area_par_1 "area_par_1" true true false 8 Double 0 0,First,#,Pittsburgh_Parcel,area_par_1,-1,-1;area_par_2 "area_par_2" true true false 8 Double 0 0,First,#,Pittsburgh_Parcel,area_par_2,-1,-1;area_par_3 "area_par_3" true true false 8 Double 0 0,First,#,Pittsburgh_Parcel,area_par_3,-1,-1;area_par_4 "area_par_4" true true false 8 Double 0 0,First,#,Pittsburgh_Parcel,area_par_4,-1,-1;area_par_5 "area_par_5" true true false 8 Double 0 0,First,#,Pittsburgh_Parcel,area_par_5,-1,-1;area_par_6 "area_par_6" true true false 8 Double 0 0,First,#,Pittsburgh_Parcel,area_par_6,-1,-1;area_par_7 "area_par_7" true true false 8 Double 0 0,First,#,Pittsburgh_Parcel,area_par_7,-1,-1;area_par_8 "area_par_8" true true false 8 Double 0 0,First,#,Pittsburgh_Parcel,area_par_8,-1,-1;area_par_9 "area_par_9" true true false 8 Double 0 0,First,#,Pittsburgh_Parcel,area_par_9,-1,-1;area_par10 "area_par10" true true false 8 Double 0 0,First,#,Pittsburgh_Parcel,area_par10,-1,-1;area_par11 "area_par11" true true false 8 Double 0 0,First,#,Pittsburgh_Parcel,area_par11,-1,-1;area_par12 "area_par12" true true false 8 Double 0 0,First,#,Pittsburgh_Parcel,area_par12,-1,-1;area_par13 "area_par13" true true false 8 Double 0 0,First,#,Pittsburgh_Parcel,area_par13,-1,-1;area_par14 "area_par14" true true false 8 Double 0 0,First,#,Pittsburgh_Parcel,area_par14,-1,-1;area_par15 "area_par15" true true false 8 Double 0 0,First,#,Pittsburgh_Parcel,area_par15,-1,-1;area_dev_c "area_dev_c" true true false 8 Double 0 0,First,#,Pittsburgh_Parcel,area_dev_c,-1,-1;area_row "area_row" true true false 8 Double 0 0,First,#,Pittsburgh_Parcel,area_row,-1,-1;residentia "residentia" true true false 8 Double 0 0,First,#,Pittsburgh_Parcel,residentia,-1,-1;commercial "commercial" true true false 8 Double 0 0,First,#,Pittsburgh_Parcel,commercial,-1,-1;pop_groupq "pop_groupq" true true false 8 Double 0 0,First,#,Pittsburgh_Parcel,pop_groupq,-1,-1;uf_is_pain "uf_is_pain" true true false 8 Double 0 0,First,#,Pittsburgh_Parcel,uf_is_pain,-1,-1;Shape_Length "Shape_Length" false true true 8 Double 0 0,First,#,Pittsburgh_Parcel,Shape_Length,-1,-1;Shape_Area "Shape_Area" false true true 8 Double 0 0,First,#,Pittsburgh_Parcel,Shape_Area,-1,-1" #</Process><Process ToolSource="c:\program files\arcgis\pro\Resources\ArcToolbox\toolboxes\Conversion Tools.tbx\FeatureClassToFeatureClass" Date="20200118" Time="132129">FeatureClassToFeatureClass "D:\Google_Drive\48773 - Urban Design Computing Spring 2020\_03_Class_Sessions\UDC-3-GIS Intro\Demo 1 Mapping Project\Demo 1 Mapping Project.gdb\Pittsburgh_Parcels" "D:\Google_Drive\48773 - Urban Design Computing Spring 2020\_99_Admin\UDC General Mapping Project\UDC General Mapping Project.gdb" Pittsburgh_Parcels_UrbanFootprint # "id "id" true true false 80 Text 0 0,First,#,D:\Google_Drive\48773 - Urban Design Computing Spring 2020\_03_Class_Sessions\UDC-3-GIS Intro\Demo 1 Mapping Project\Demo 1 Mapping Project.gdb\Pittsburgh_Parcels,id,0,80;land_use_c "land_use_c" true true false 80 Text 0 0,First,#,D:\Google_Drive\48773 - Urban Design Computing Spring 2020\_03_Class_Sessions\UDC-3-GIS Intro\Demo 1 Mapping Project\Demo 1 Mapping Project.gdb\Pittsburgh_Parcels,land_use_c,0,80;land_use_1 "land_use_1" true true false 80 Text 0 0,First,#,D:\Google_Drive\48773 - Urban Design Computing Spring 2020\_03_Class_Sessions\UDC-3-GIS Intro\Demo 1 Mapping Project\Demo 1 Mapping Project.gdb\Pittsburgh_Parcels,land_use_1,0,80;land_use_2 "land_use_2" true true false 80 Text 0 0,First,#,D:\Google_Drive\48773 - Urban Design Computing Spring 2020\_03_Class_Sessions\UDC-3-GIS Intro\Demo 1 Mapping Project\Demo 1 Mapping Project.gdb\Pittsburgh_Parcels,land_use_2,0,80;built_form "built_form" true true false 80 Text 0 0,First,#,D:\Google_Drive\48773 - Urban Design Computing Spring 2020\_03_Class_Sessions\UDC-3-GIS Intro\Demo 1 Mapping Project\Demo 1 Mapping Project.gdb\Pittsburgh_Parcels,built_form,0,80;land_devel "land_devel" true true false 80 Text 0 0,First,#,D:\Google_Drive\48773 - Urban Design Computing Spring 2020\_03_Class_Sessions\UDC-3-GIS Intro\Demo 1 Mapping Project\Demo 1 Mapping Project.gdb\Pittsburgh_Parcels,land_devel,0,80;geometry_k "geometry_k" true true false 80 Text 0 0,First,#,D:\Google_Drive\48773 - Urban Design Computing Spring 2020\_03_Class_Sessions\UDC-3-GIS Intro\Demo 1 Mapping Project\Demo 1 Mapping Project.gdb\Pittsburgh_Parcels,geometry_k,0,80;intersecti "intersecti" true true false 8 Double 0 0,First,#,D:\Google_Drive\48773 - Urban Design Computing Spring 2020\_03_Class_Sessions\UDC-3-GIS Intro\Demo 1 Mapping Project\Demo 1 Mapping Project.gdb\Pittsburgh_Parcels,intersecti,-1,-1;area_gross "area_gross" true true false 8 Double 0 0,First,#,D:\Google_Drive\48773 - Urban Design Computing Spring 2020\_03_Class_Sessions\UDC-3-GIS Intro\Demo 1 Mapping Project\Demo 1 Mapping Project.gdb\Pittsburgh_Parcels,area_gross,-1,-1;pop "pop" true true false 8 Double 0 0,First,#,D:\Google_Drive\48773 - Urban Design Computing Spring 2020\_03_Class_Sessions\UDC-3-GIS Intro\Demo 1 Mapping Project\Demo 1 Mapping Project.gdb\Pittsburgh_Parcels,pop,-1,-1;hh "hh" true true false 8 Double 0 0,First,#,D:\Google_Drive\48773 - Urban Design Computing Spring 2020\_03_Class_Sessions\UDC-3-GIS Intro\Demo 1 Mapping Project\Demo 1 Mapping Project.gdb\Pittsburgh_Parcels,hh,-1,-1;du "du" true true false 8 Double 0 0,First,#,D:\Google_Drive\48773 - Urban Design Computing Spring 2020\_03_Class_Sessions\UDC-3-GIS Intro\Demo 1 Mapping Project\Demo 1 Mapping Project.gdb\Pittsburgh_Parcels,du,-1,-1;du_detsf "du_detsf" true true false 8 Double 0 0,First,#,D:\Google_Drive\48773 - Urban Design Computing Spring 2020\_03_Class_Sessions\UDC-3-GIS Intro\Demo 1 Mapping Project\Demo 1 Mapping Project.gdb\Pittsburgh_Parcels,du_detsf,-1,-1;du_detsf_l "du_detsf_l" true true false 8 Double 0 0,First,#,D:\Google_Drive\48773 - Urban Design Computing Spring 2020\_03_Class_Sessions\UDC-3-GIS Intro\Demo 1 Mapping Project\Demo 1 Mapping Project.gdb\Pittsburgh_Parcels,du_detsf_l,-1,-1;du_detsf_s "du_detsf_s" true true false 8 Double 0 0,First,#,D:\Google_Drive\48773 - Urban Design Computing Spring 2020\_03_Class_Sessions\UDC-3-GIS Intro\Demo 1 Mapping Project\Demo 1 Mapping Project.gdb\Pittsburgh_Parcels,du_detsf_s,-1,-1;du_attsf "du_attsf" true true false 8 Double 0 0,First,#,D:\Google_Drive\48773 - Urban Design Computing Spring 2020\_03_Class_Sessions\UDC-3-GIS Intro\Demo 1 Mapping Project\Demo 1 Mapping Project.gdb\Pittsburgh_Parcels,du_attsf,-1,-1;du_mf "du_mf" true true false 8 Double 0 0,First,#,D:\Google_Drive\48773 - Urban Design Computing Spring 2020\_03_Class_Sessions\UDC-3-GIS Intro\Demo 1 Mapping Project\Demo 1 Mapping Project.gdb\Pittsburgh_Parcels,du_mf,-1,-1;du_mf2to4 "du_mf2to4" true true false 8 Double 0 0,First,#,D:\Google_Drive\48773 - Urban Design Computing Spring 2020\_03_Class_Sessions\UDC-3-GIS Intro\Demo 1 Mapping Project\Demo 1 Mapping Project.gdb\Pittsburgh_Parcels,du_mf2to4,-1,-1;du_mf5p "du_mf5p" true true false 8 Double 0 0,First,#,D:\Google_Drive\48773 - Urban Design Computing Spring 2020\_03_Class_Sessions\UDC-3-GIS Intro\Demo 1 Mapping Project\Demo 1 Mapping Project.gdb\Pittsburgh_Parcels,du_mf5p,-1,-1;emp "emp" true true false 8 Double 0 0,First,#,D:\Google_Drive\48773 - Urban Design Computing Spring 2020\_03_Class_Sessions\UDC-3-GIS Intro\Demo 1 Mapping Project\Demo 1 Mapping Project.gdb\Pittsburgh_Parcels,emp,-1,-1;emp_ret "emp_ret" true true false 8 Double 0 0,First,#,D:\Google_Drive\48773 - Urban Design Computing Spring 2020\_03_Class_Sessions\UDC-3-GIS Intro\Demo 1 Mapping Project\Demo 1 Mapping Project.gdb\Pittsburgh_Parcels,emp_ret,-1,-1;emp_off "emp_off" true true false 8 Double 0 0,First,#,D:\Google_Drive\48773 - Urban Design Computing Spring 2020\_03_Class_Sessions\UDC-3-GIS Intro\Demo 1 Mapping Project\Demo 1 Mapping Project.gdb\Pittsburgh_Parcels,emp_off,-1,-1;emp_pub "emp_pub" true true false 8 Double 0 0,First,#,D:\Google_Drive\48773 - Urban Design Computing Spring 2020\_03_Class_Sessions\UDC-3-GIS Intro\Demo 1 Mapping Project\Demo 1 Mapping Project.gdb\Pittsburgh_Parcels,emp_pub,-1,-1;emp_ind "emp_ind" true true false 8 Double 0 0,First,#,D:\Google_Drive\48773 - Urban Design Computing Spring 2020\_03_Class_Sessions\UDC-3-GIS Intro\Demo 1 Mapping Project\Demo 1 Mapping Project.gdb\Pittsburgh_Parcels,emp_ind,-1,-1;emp_ag "emp_ag" true true false 8 Double 0 0,First,#,D:\Google_Drive\48773 - Urban Design Computing Spring 2020\_03_Class_Sessions\UDC-3-GIS Intro\Demo 1 Mapping Project\Demo 1 Mapping Project.gdb\Pittsburgh_Parcels,emp_ag,-1,-1;emp_milita "emp_milita" true true false 8 Double 0 0,First,#,D:\Google_Drive\48773 - Urban Design Computing Spring 2020\_03_Class_Sessions\UDC-3-GIS Intro\Demo 1 Mapping Project\Demo 1 Mapping Project.gdb\Pittsburgh_Parcels,emp_milita,-1,-1;emp_retail "emp_retail" true true false 8 Double 0 0,First,#,D:\Google_Drive\48773 - Urban Design Computing Spring 2020\_03_Class_Sessions\UDC-3-GIS Intro\Demo 1 Mapping Project\Demo 1 Mapping Project.gdb\Pittsburgh_Parcels,emp_retail,-1,-1;emp_restau "emp_restau" true true false 8 Double 0 0,First,#,D:\Google_Drive\48773 - Urban Design Computing Spring 2020\_03_Class_Sessions\UDC-3-GIS Intro\Demo 1 Mapping Project\Demo 1 Mapping Project.gdb\Pittsburgh_Parcels,emp_restau,-1,-1;emp_accomm "emp_accomm" true true false 8 Double 0 0,First,#,D:\Google_Drive\48773 - Urban Design Computing Spring 2020\_03_Class_Sessions\UDC-3-GIS Intro\Demo 1 Mapping Project\Demo 1 Mapping Project.gdb\Pittsburgh_Parcels,emp_accomm,-1,-1;emp_arts_e "emp_arts_e" true true false 8 Double 0 0,First,#,D:\Google_Drive\48773 - Urban Design Computing Spring 2020\_03_Class_Sessions\UDC-3-GIS Intro\Demo 1 Mapping Project\Demo 1 Mapping Project.gdb\Pittsburgh_Parcels,emp_arts_e,-1,-1;emp_other_ "emp_other_" true true false 8 Double 0 0,First,#,D:\Google_Drive\48773 - Urban Design Computing Spring 2020\_03_Class_Sessions\UDC-3-GIS Intro\Demo 1 Mapping Project\Demo 1 Mapping Project.gdb\Pittsburgh_Parcels,emp_other_,-1,-1;emp_office "emp_office" true true false 8 Double 0 0,First,#,D:\Google_Drive\48773 - Urban Design Computing Spring 2020\_03_Class_Sessions\UDC-3-GIS Intro\Demo 1 Mapping Project\Demo 1 Mapping Project.gdb\Pittsburgh_Parcels,emp_office,-1,-1;emp_public "emp_public" true true false 8 Double 0 0,First,#,D:\Google_Drive\48773 - Urban Design Computing Spring 2020\_03_Class_Sessions\UDC-3-GIS Intro\Demo 1 Mapping Project\Demo 1 Mapping Project.gdb\Pittsburgh_Parcels,emp_public,-1,-1;emp_educat "emp_educat" true true false 8 Double 0 0,First,#,D:\Google_Drive\48773 - Urban Design Computing Spring 2020\_03_Class_Sessions\UDC-3-GIS Intro\Demo 1 Mapping Project\Demo 1 Mapping Project.gdb\Pittsburgh_Parcels,emp_educat,-1,-1;emp_medica "emp_medica" true true false 8 Double 0 0,First,#,D:\Google_Drive\48773 - Urban Design Computing Spring 2020\_03_Class_Sessions\UDC-3-GIS Intro\Demo 1 Mapping Project\Demo 1 Mapping Project.gdb\Pittsburgh_Parcels,emp_medica,-1,-1;emp_manufa "emp_manufa" true true false 8 Double 0 0,First,#,D:\Google_Drive\48773 - Urban Design Computing Spring 2020\_03_Class_Sessions\UDC-3-GIS Intro\Demo 1 Mapping Project\Demo 1 Mapping Project.gdb\Pittsburgh_Parcels,emp_manufa,-1,-1;emp_wholes "emp_wholes" true true false 8 Double 0 0,First,#,D:\Google_Drive\48773 - Urban Design Computing Spring 2020\_03_Class_Sessions\UDC-3-GIS Intro\Demo 1 Mapping Project\Demo 1 Mapping Project.gdb\Pittsburgh_Parcels,emp_wholes,-1,-1;emp_transp "emp_transp" true true false 8 Double 0 0,First,#,D:\Google_Drive\48773 - Urban Design Computing Spring 2020\_03_Class_Sessions\UDC-3-GIS Intro\Demo 1 Mapping Project\Demo 1 Mapping Project.gdb\Pittsburgh_Parcels,emp_transp,-1,-1;emp_utilit "emp_utilit" true true false 8 Double 0 0,First,#,D:\Google_Drive\48773 - Urban Design Computing Spring 2020\_03_Class_Sessions\UDC-3-GIS Intro\Demo 1 Mapping Project\Demo 1 Mapping Project.gdb\Pittsburgh_Parcels,emp_utilit,-1,-1;emp_constr "emp_constr" true true false 8 Double 0 0,First,#,D:\Google_Drive\48773 - Urban Design Computing Spring 2020\_03_Class_Sessions\UDC-3-GIS Intro\Demo 1 Mapping Project\Demo 1 Mapping Project.gdb\Pittsburgh_Parcels,emp_constr,-1,-1;emp_agricu "emp_agricu" true true false 8 Double 0 0,First,#,D:\Google_Drive\48773 - Urban Design Computing Spring 2020\_03_Class_Sessions\UDC-3-GIS Intro\Demo 1 Mapping Project\Demo 1 Mapping Project.gdb\Pittsburgh_Parcels,emp_agricu,-1,-1;emp_extrac "emp_extrac" true true false 8 Double 0 0,First,#,D:\Google_Drive\48773 - Urban Design Computing Spring 2020\_03_Class_Sessions\UDC-3-GIS Intro\Demo 1 Mapping Project\Demo 1 Mapping Project.gdb\Pittsburgh_Parcels,emp_extrac,-1,-1;bldg_area_ "bldg_area_" true true false 8 Double 0 0,First,#,D:\Google_Drive\48773 - Urban Design Computing Spring 2020\_03_Class_Sessions\UDC-3-GIS Intro\Demo 1 Mapping Project\Demo 1 Mapping Project.gdb\Pittsburgh_Parcels,bldg_area_,-1,-1;bldg_are_1 "bldg_are_1" true true false 8 Double 0 0,First,#,D:\Google_Drive\48773 - Urban Design Computing Spring 2020\_03_Class_Sessions\UDC-3-GIS Intro\Demo 1 Mapping Project\Demo 1 Mapping Project.gdb\Pittsburgh_Parcels,bldg_are_1,-1,-1;bldg_are_2 "bldg_are_2" true true false 8 Double 0 0,First,#,D:\Google_Drive\48773 - Urban Design Computing Spring 2020\_03_Class_Sessions\UDC-3-GIS Intro\Demo 1 Mapping Project\Demo 1 Mapping Project.gdb\Pittsburgh_Parcels,bldg_are_2,-1,-1;bldg_are_3 "bldg_are_3" true true false 8 Double 0 0,First,#,D:\Google_Drive\48773 - Urban Design Computing Spring 2020\_03_Class_Sessions\UDC-3-GIS Intro\Demo 1 Mapping Project\Demo 1 Mapping Project.gdb\Pittsburgh_Parcels,bldg_are_3,-1,-1;bldg_are_4 "bldg_are_4" true true false 8 Double 0 0,First,#,D:\Google_Drive\48773 - Urban Design Computing Spring 2020\_03_Class_Sessions\UDC-3-GIS Intro\Demo 1 Mapping Project\Demo 1 Mapping Project.gdb\Pittsburgh_Parcels,bldg_are_4,-1,-1;bldg_are_5 "bldg_are_5" true true false 8 Double 0 0,First,#,D:\Google_Drive\48773 - Urban Design Computing Spring 2020\_03_Class_Sessions\UDC-3-GIS Intro\Demo 1 Mapping Project\Demo 1 Mapping Project.gdb\Pittsburgh_Parcels,bldg_are_5,-1,-1;bldg_are_6 "bldg_are_6" true true false 8 Double 0 0,First,#,D:\Google_Drive\48773 - Urban Design Computing Spring 2020\_03_Class_Sessions\UDC-3-GIS Intro\Demo 1 Mapping Project\Demo 1 Mapping Project.gdb\Pittsburgh_Parcels,bldg_are_6,-1,-1;bldg_are_7 "bldg_are_7" true true false 8 Double 0 0,First,#,D:\Google_Drive\48773 - Urban Design Computing Spring 2020\_03_Class_Sessions\UDC-3-GIS Intro\Demo 1 Mapping Project\Demo 1 Mapping Project.gdb\Pittsburgh_Parcels,bldg_are_7,-1,-1;bldg_are_8 "bldg_are_8" true true false 8 Double 0 0,First,#,D:\Google_Drive\48773 - Urban Design Computing Spring 2020\_03_Class_Sessions\UDC-3-GIS Intro\Demo 1 Mapping Project\Demo 1 Mapping Project.gdb\Pittsburgh_Parcels,bldg_are_8,-1,-1;bldg_are_9 "bldg_are_9" true true false 8 Double 0 0,First,#,D:\Google_Drive\48773 - Urban Design Computing Spring 2020\_03_Class_Sessions\UDC-3-GIS Intro\Demo 1 Mapping Project\Demo 1 Mapping Project.gdb\Pittsburgh_Parcels,bldg_are_9,-1,-1;bldg_are10 "bldg_are10" true true false 8 Double 0 0,First,#,D:\Google_Drive\48773 - Urban Design Computing Spring 2020\_03_Class_Sessions\UDC-3-GIS Intro\Demo 1 Mapping Project\Demo 1 Mapping Project.gdb\Pittsburgh_Parcels,bldg_are10,-1,-1;bldg_are11 "bldg_are11" true true false 8 Double 0 0,First,#,D:\Google_Drive\48773 - Urban Design Computing Spring 2020\_03_Class_Sessions\UDC-3-GIS Intro\Demo 1 Mapping Project\Demo 1 Mapping Project.gdb\Pittsburgh_Parcels,bldg_are11,-1,-1;bldg_are12 "bldg_are12" true true false 8 Double 0 0,First,#,D:\Google_Drive\48773 - Urban Design Computing Spring 2020\_03_Class_Sessions\UDC-3-GIS Intro\Demo 1 Mapping Project\Demo 1 Mapping Project.gdb\Pittsburgh_Parcels,bldg_are12,-1,-1;bldg_are13 "bldg_are13" true true false 8 Double 0 0,First,#,D:\Google_Drive\48773 - Urban Design Computing Spring 2020\_03_Class_Sessions\UDC-3-GIS Intro\Demo 1 Mapping Project\Demo 1 Mapping Project.gdb\Pittsburgh_Parcels,bldg_are13,-1,-1;bldg_are14 "bldg_are14" true true false 8 Double 0 0,First,#,D:\Google_Drive\48773 - Urban Design Computing Spring 2020\_03_Class_Sessions\UDC-3-GIS Intro\Demo 1 Mapping Project\Demo 1 Mapping Project.gdb\Pittsburgh_Parcels,bldg_are14,-1,-1;area_parce "area_parce" true true false 8 Double 0 0,First,#,D:\Google_Drive\48773 - Urban Design Computing Spring 2020\_03_Class_Sessions\UDC-3-GIS Intro\Demo 1 Mapping Project\Demo 1 Mapping Project.gdb\Pittsburgh_Parcels,area_parce,-1,-1;area_par_1 "area_par_1" true true false 8 Double 0 0,First,#,D:\Google_Drive\48773 - Urban Design Computing Spring 2020\_03_Class_Sessions\UDC-3-GIS Intro\Demo 1 Mapping Project\Demo 1 Mapping Project.gdb\Pittsburgh_Parcels,area_par_1,-1,-1;area_par_2 "area_par_2" true true false 8 Double 0 0,First,#,D:\Google_Drive\48773 - Urban Design Computing Spring 2020\_03_Class_Sessions\UDC-3-GIS Intro\Demo 1 Mapping Project\Demo 1 Mapping Project.gdb\Pittsburgh_Parcels,area_par_2,-1,-1;area_par_3 "area_par_3" true true false 8 Double 0 0,First,#,D:\Google_Drive\48773 - Urban Design Computing Spring 2020\_03_Class_Sessions\UDC-3-GIS Intro\Demo 1 Mapping Project\Demo 1 Mapping Project.gdb\Pittsburgh_Parcels,area_par_3,-1,-1;area_par_4 "area_par_4" true true false 8 Double 0 0,First,#,D:\Google_Drive\48773 - Urban Design Computing Spring 2020\_03_Class_Sessions\UDC-3-GIS Intro\Demo 1 Mapping Project\Demo 1 Mapping Project.gdb\Pittsburgh_Parcels,area_par_4,-1,-1;area_par_5 "area_par_5" true true false 8 Double 0 0,First,#,D:\Google_Drive\48773 - Urban Design Computing Spring 2020\_03_Class_Sessions\UDC-3-GIS Intro\Demo 1 Mapping Project\Demo 1 Mapping Project.gdb\Pittsburgh_Parcels,area_par_5,-1,-1;area_par_6 "area_par_6" true true false 8 Double 0 0,First,#,D:\Google_Drive\48773 - Urban Design Computing Spring 2020\_03_Class_Sessions\UDC-3-GIS Intro\Demo 1 Mapping Project\Demo 1 Mapping Project.gdb\Pittsburgh_Parcels,area_par_6,-1,-1;area_par_7 "area_par_7" true true false 8 Double 0 0,First,#,D:\Google_Drive\48773 - Urban Design Computing Spring 2020\_03_Class_Sessions\UDC-3-GIS Intro\Demo 1 Mapping Project\Demo 1 Mapping Project.gdb\Pittsburgh_Parcels,area_par_7,-1,-1;area_par_8 "area_par_8" true true false 8 Double 0 0,First,#,D:\Google_Drive\48773 - Urban Design Computing Spring 2020\_03_Class_Sessions\UDC-3-GIS Intro\Demo 1 Mapping Project\Demo 1 Mapping Project.gdb\Pittsburgh_Parcels,area_par_8,-1,-1;area_par_9 "area_par_9" true true false 8 Double 0 0,First,#,D:\Google_Drive\48773 - Urban Design Computing Spring 2020\_03_Class_Sessions\UDC-3-GIS Intro\Demo 1 Mapping Project\Demo 1 Mapping Project.gdb\Pittsburgh_Parcels,area_par_9,-1,-1;area_par10 "area_par10" true true false 8 Double 0 0,First,#,D:\Google_Drive\48773 - Urban Design Computing Spring 2020\_03_Class_Sessions\UDC-3-GIS Intro\Demo 1 Mapping Project\Demo 1 Mapping Project.gdb\Pittsburgh_Parcels,area_par10,-1,-1;area_par11 "area_par11" true true false 8 Double 0 0,First,#,D:\Google_Drive\48773 - Urban Design Computing Spring 2020\_03_Class_Sessions\UDC-3-GIS Intro\Demo 1 Mapping Project\Demo 1 Mapping Project.gdb\Pittsburgh_Parcels,area_par11,-1,-1;area_par12 "area_par12" true true false 8 Double 0 0,First,#,D:\Google_Drive\48773 - Urban Design Computing Spring 2020\_03_Class_Sessions\UDC-3-GIS Intro\Demo 1 Mapping Project\Demo 1 Mapping Project.gdb\Pittsburgh_Parcels,area_par12,-1,-1;area_par13 "area_par13" true true false 8 Double 0 0,First,#,D:\Google_Drive\48773 - Urban Design Computing Spring 2020\_03_Class_Sessions\UDC-3-GIS Intro\Demo 1 Mapping Project\Demo 1 Mapping Project.gdb\Pittsburgh_Parcels,area_par13,-1,-1;area_par14 "area_par14" true true false 8 Double 0 0,First,#,D:\Google_Drive\48773 - Urban Design Computing Spring 2020\_03_Class_Sessions\UDC-3-GIS Intro\Demo 1 Mapping Project\Demo 1 Mapping Project.gdb\Pittsburgh_Parcels,area_par14,-1,-1;area_par15 "area_par15" true true false 8 Double 0 0,First,#,D:\Google_Drive\48773 - Urban Design Computing Spring 2020\_03_Class_Sessions\UDC-3-GIS Intro\Demo 1 Mapping Project\Demo 1 Mapping Project.gdb\Pittsburgh_Parcels,area_par15,-1,-1;area_dev_c "area_dev_c" true true false 8 Double 0 0,First,#,D:\Google_Drive\48773 - Urban Design Computing Spring 2020\_03_Class_Sessions\UDC-3-GIS Intro\Demo 1 Mapping Project\Demo 1 Mapping Project.gdb\Pittsburgh_Parcels,area_dev_c,-1,-1;area_row "area_row" true true false 8 Double 0 0,First,#,D:\Google_Drive\48773 - Urban Design Computing Spring 2020\_03_Class_Sessions\UDC-3-GIS Intro\Demo 1 Mapping Project\Demo 1 Mapping Project.gdb\Pittsburgh_Parcels,area_row,-1,-1;residentia "residentia" true true false 8 Double 0 0,First,#,D:\Google_Drive\48773 - Urban Design Computing Spring 2020\_03_Class_Sessions\UDC-3-GIS Intro\Demo 1 Mapping Project\Demo 1 Mapping Project.gdb\Pittsburgh_Parcels,residentia,-1,-1;commercial "commercial" true true false 8 Double 0 0,First,#,D:\Google_Drive\48773 - Urban Design Computing Spring 2020\_03_Class_Sessions\UDC-3-GIS Intro\Demo 1 Mapping Project\Demo 1 Mapping Project.gdb\Pittsburgh_Parcels,commercial,-1,-1;pop_groupq "pop_groupq" true true false 8 Double 0 0,First,#,D:\Google_Drive\48773 - Urban Design Computing Spring 2020\_03_Class_Sessions\UDC-3-GIS Intro\Demo 1 Mapping Project\Demo 1 Mapping Project.gdb\Pittsburgh_Parcels,pop_groupq,-1,-1;uf_is_pain "uf_is_pain" true true false 8 Double 0 0,First,#,D:\Google_Drive\48773 - Urban Design Computing Spring 2020\_03_Class_Sessions\UDC-3-GIS Intro\Demo 1 Mapping Project\Demo 1 Mapping Project.gdb\Pittsburgh_Parcels,uf_is_pain,-1,-1;Shape_Length "Shape_Length" false true true 8 Double 0 0,First,#,D:\Google_Drive\48773 - Urban Design Computing Spring 2020\_03_Class_Sessions\UDC-3-GIS Intro\Demo 1 Mapping Project\Demo 1 Mapping Project.gdb\Pittsburgh_Parcels,Shape_Length,-1,-1;Shape_Area "Shape_Area" false true true 8 Double 0 0,First,#,D:\Google_Drive\48773 - Urban Design Computing Spring 2020\_03_Class_Sessions\UDC-3-GIS Intro\Demo 1 Mapping Project\Demo 1 Mapping Project.gdb\Pittsburgh_Parcels,Shape_Area,-1,-1" #</Process><Process ToolSource="c:\program files\arcgis\pro\Resources\ArcToolbox\toolboxes\Analysis Tools.tbx\Clip" Date="20200122" Time="211234">Clip Pittsburgh_Parcels_UrbanFootprint NeighborhoodBoundaries "D:\Google_Drive\48773 - Urban Design Computing Spring 2020\_99_Admin\UDC General Mapping Project\PGH East End Neighborhoods.gdb\PGH_EastEnd_Parcels" #</Process><Process ToolSource="c:\program files\arcgis\pro\Resources\ArcToolbox\toolboxes\Conversion Tools.tbx\FeatureClassToFeatureClass" Date="20210313" Time="073132">FeatureClassToFeatureClass "East End\PGH_EastEnd_Parcels" "F:\My Drive\48773 - Urban Design Computing Spring 2020\_99_Admin\UDC General Mapping Project\Demo_GIS_Types.gdb" Polygon_MixedMultiPart_Parcels # "id "id" true true false 80 Text 0 0,First,#,East End\PGH_EastEnd_Parcels,id,0,80;land_use_c "land_use_c" true true false 80 Text 0 0,First,#,East End\PGH_EastEnd_Parcels,land_use_c,0,80;land_use_1 "land_use_1" true true false 80 Text 0 0,First,#,East End\PGH_EastEnd_Parcels,land_use_1,0,80;land_use_2 "land_use_2" true true false 80 Text 0 0,First,#,East End\PGH_EastEnd_Parcels,land_use_2,0,80;built_form "built_form" true true false 80 Text 0 0,First,#,East End\PGH_EastEnd_Parcels,built_form,0,80;land_devel "land_devel" true true false 80 Text 0 0,First,#,East End\PGH_EastEnd_Parcels,land_devel,0,80;geometry_k "geometry_k" true true false 80 Text 0 0,First,#,East End\PGH_EastEnd_Parcels,geometry_k,0,80;intersecti "intersecti" true true false 8 Double 0 0,First,#,East End\PGH_EastEnd_Parcels,intersecti,-1,-1;area_gross "area_gross" true true false 8 Double 0 0,First,#,East End\PGH_EastEnd_Parcels,area_gross,-1,-1;pop "pop" true true false 8 Double 0 0,First,#,East End\PGH_EastEnd_Parcels,pop,-1,-1;hh "hh" true true false 8 Double 0 0,First,#,East End\PGH_EastEnd_Parcels,hh,-1,-1;du "du" true true false 8 Double 0 0,First,#,East End\PGH_EastEnd_Parcels,du,-1,-1;du_detsf "du_detsf" true true false 8 Double 0 0,First,#,East End\PGH_EastEnd_Parcels,du_detsf,-1,-1;du_detsf_l "du_detsf_l" true true false 8 Double 0 0,First,#,East End\PGH_EastEnd_Parcels,du_detsf_l,-1,-1;du_detsf_s "du_detsf_s" true true false 8 Double 0 0,First,#,East End\PGH_EastEnd_Parcels,du_detsf_s,-1,-1;du_attsf "du_attsf" true true false 8 Double 0 0,First,#,East End\PGH_EastEnd_Parcels,du_attsf,-1,-1;du_mf "du_mf" true true false 8 Double 0 0,First,#,East End\PGH_EastEnd_Parcels,du_mf,-1,-1;du_mf2to4 "du_mf2to4" true true false 8 Double 0 0,First,#,East End\PGH_EastEnd_Parcels,du_mf2to4,-1,-1;du_mf5p "du_mf5p" true true false 8 Double 0 0,First,#,East End\PGH_EastEnd_Parcels,du_mf5p,-1,-1;emp "emp" true true false 8 Double 0 0,First,#,East End\PGH_EastEnd_Parcels,emp,-1,-1;emp_ret "emp_ret" true true false 8 Double 0 0,First,#,East End\PGH_EastEnd_Parcels,emp_ret,-1,-1;emp_off "emp_off" true true false 8 Double 0 0,First,#,East End\PGH_EastEnd_Parcels,emp_off,-1,-1;emp_pub "emp_pub" true true false 8 Double 0 0,First,#,East End\PGH_EastEnd_Parcels,emp_pub,-1,-1;emp_ind "emp_ind" true true false 8 Double 0 0,First,#,East End\PGH_EastEnd_Parcels,emp_ind,-1,-1;emp_ag "emp_ag" true true false 8 Double 0 0,First,#,East End\PGH_EastEnd_Parcels,emp_ag,-1,-1;emp_milita "emp_milita" true true false 8 Double 0 0,First,#,East End\PGH_EastEnd_Parcels,emp_milita,-1,-1;emp_retail "emp_retail" true true false 8 Double 0 0,First,#,East End\PGH_EastEnd_Parcels,emp_retail,-1,-1;emp_restau "emp_restau" true true false 8 Double 0 0,First,#,East End\PGH_EastEnd_Parcels,emp_restau,-1,-1;emp_accomm "emp_accomm" true true false 8 Double 0 0,First,#,East End\PGH_EastEnd_Parcels,emp_accomm,-1,-1;emp_arts_e "emp_arts_e" true true false 8 Double 0 0,First,#,East End\PGH_EastEnd_Parcels,emp_arts_e,-1,-1;emp_other_ "emp_other_" true true false 8 Double 0 0,First,#,East End\PGH_EastEnd_Parcels,emp_other_,-1,-1;emp_office "emp_office" true true false 8 Double 0 0,First,#,East End\PGH_EastEnd_Parcels,emp_office,-1,-1;emp_public "emp_public" true true false 8 Double 0 0,First,#,East End\PGH_EastEnd_Parcels,emp_public,-1,-1;emp_educat "emp_educat" true true false 8 Double 0 0,First,#,East End\PGH_EastEnd_Parcels,emp_educat,-1,-1;emp_medica "emp_medica" true true false 8 Double 0 0,First,#,East End\PGH_EastEnd_Parcels,emp_medica,-1,-1;emp_manufa "emp_manufa" true true false 8 Double 0 0,First,#,East End\PGH_EastEnd_Parcels,emp_manufa,-1,-1;emp_wholes "emp_wholes" true true false 8 Double 0 0,First,#,East End\PGH_EastEnd_Parcels,emp_wholes,-1,-1;emp_transp "emp_transp" true true false 8 Double 0 0,First,#,East End\PGH_EastEnd_Parcels,emp_transp,-1,-1;emp_utilit "emp_utilit" true true false 8 Double 0 0,First,#,East End\PGH_EastEnd_Parcels,emp_utilit,-1,-1;emp_constr "emp_constr" true true false 8 Double 0 0,First,#,East End\PGH_EastEnd_Parcels,emp_constr,-1,-1;emp_agricu "emp_agricu" true true false 8 Double 0 0,First,#,East End\PGH_EastEnd_Parcels,emp_agricu,-1,-1;emp_extrac "emp_extrac" true true false 8 Double 0 0,First,#,East End\PGH_EastEnd_Parcels,emp_extrac,-1,-1;bldg_area_ "bldg_area_" true true false 8 Double 0 0,First,#,East End\PGH_EastEnd_Parcels,bldg_area_,-1,-1;bldg_are_1 "bldg_are_1" true true false 8 Double 0 0,First,#,East End\PGH_EastEnd_Parcels,bldg_are_1,-1,-1;bldg_are_2 "bldg_are_2" true true false 8 Double 0 0,First,#,East End\PGH_EastEnd_Parcels,bldg_are_2,-1,-1;bldg_are_3 "bldg_are_3" true true false 8 Double 0 0,First,#,East End\PGH_EastEnd_Parcels,bldg_are_3,-1,-1;bldg_are_4 "bldg_are_4" true true false 8 Double 0 0,First,#,East End\PGH_EastEnd_Parcels,bldg_are_4,-1,-1;bldg_are_5 "bldg_are_5" true true false 8 Double 0 0,First,#,East End\PGH_EastEnd_Parcels,bldg_are_5,-1,-1;bldg_are_6 "bldg_are_6" true true false 8 Double 0 0,First,#,East End\PGH_EastEnd_Parcels,bldg_are_6,-1,-1;bldg_are_7 "bldg_are_7" true true false 8 Double 0 0,First,#,East End\PGH_EastEnd_Parcels,bldg_are_7,-1,-1;bldg_are_8 "bldg_are_8" true true false 8 Double 0 0,First,#,East End\PGH_EastEnd_Parcels,bldg_are_8,-1,-1;bldg_are_9 "bldg_are_9" true true false 8 Double 0 0,First,#,East End\PGH_EastEnd_Parcels,bldg_are_9,-1,-1;bldg_are10 "bldg_are10" true true false 8 Double 0 0,First,#,East End\PGH_EastEnd_Parcels,bldg_are10,-1,-1;bldg_are11 "bldg_are11" true true false 8 Double 0 0,First,#,East End\PGH_EastEnd_Parcels,bldg_are11,-1,-1;bldg_are12 "bldg_are12" true true false 8 Double 0 0,First,#,East End\PGH_EastEnd_Parcels,bldg_are12,-1,-1;bldg_are13 "bldg_are13" true true false 8 Double 0 0,First,#,East End\PGH_EastEnd_Parcels,bldg_are13,-1,-1;bldg_are14 "bldg_are14" true true false 8 Double 0 0,First,#,East End\PGH_EastEnd_Parcels,bldg_are14,-1,-1;area_parce "area_parce" true true false 8 Double 0 0,First,#,East End\PGH_EastEnd_Parcels,area_parce,-1,-1;area_par_1 "area_par_1" true true false 8 Double 0 0,First,#,East End\PGH_EastEnd_Parcels,area_par_1,-1,-1;area_par_2 "area_par_2" true true false 8 Double 0 0,First,#,East End\PGH_EastEnd_Parcels,area_par_2,-1,-1;area_par_3 "area_par_3" true true false 8 Double 0 0,First,#,East End\PGH_EastEnd_Parcels,area_par_3,-1,-1;area_par_4 "area_par_4" true true false 8 Double 0 0,First,#,East End\PGH_EastEnd_Parcels,area_par_4,-1,-1;area_par_5 "area_par_5" true true false 8 Double 0 0,First,#,East End\PGH_EastEnd_Parcels,area_par_5,-1,-1;area_par_6 "area_par_6" true true false 8 Double 0 0,First,#,East End\PGH_EastEnd_Parcels,area_par_6,-1,-1;area_par_7 "area_par_7" true true false 8 Double 0 0,First,#,East End\PGH_EastEnd_Parcels,area_par_7,-1,-1;area_par_8 "area_par_8" true true false 8 Double 0 0,First,#,East End\PGH_EastEnd_Parcels,area_par_8,-1,-1;area_par_9 "area_par_9" true true false 8 Double 0 0,First,#,East End\PGH_EastEnd_Parcels,area_par_9,-1,-1;area_par10 "area_par10" true true false 8 Double 0 0,First,#,East End\PGH_EastEnd_Parcels,area_par10,-1,-1;area_par11 "area_par11" true true false 8 Double 0 0,First,#,East End\PGH_EastEnd_Parcels,area_par11,-1,-1;area_par12 "area_par12" true true false 8 Double 0 0,First,#,East End\PGH_EastEnd_Parcels,area_par12,-1,-1;area_par13 "area_par13" true true false 8 Double 0 0,First,#,East End\PGH_EastEnd_Parcels,area_par13,-1,-1;area_par14 "area_par14" true true false 8 Double 0 0,First,#,East End\PGH_EastEnd_Parcels,area_par14,-1,-1;area_par15 "area_par15" true true false 8 Double 0 0,First,#,East End\PGH_EastEnd_Parcels,area_par15,-1,-1;area_dev_c "area_dev_c" true true false 8 Double 0 0,First,#,East End\PGH_EastEnd_Parcels,area_dev_c,-1,-1;area_row "area_row" true true false 8 Double 0 0,First,#,East End\PGH_EastEnd_Parcels,area_row,-1,-1;residentia "residentia" true true false 8 Double 0 0,First,#,East End\PGH_EastEnd_Parcels,residentia,-1,-1;commercial "commercial" true true false 8 Double 0 0,First,#,East End\PGH_EastEnd_Parcels,commercial,-1,-1;pop_groupq "pop_groupq" true true false 8 Double 0 0,First,#,East End\PGH_EastEnd_Parcels,pop_groupq,-1,-1;uf_is_pain "uf_is_pain" true true false 8 Double 0 0,First,#,East End\PGH_EastEnd_Parcels,uf_is_pain,-1,-1;Shape_Length "Shape_Length" false true true 8 Double 0 0,First,#,East End\PGH_EastEnd_Parcels,Shape_Length,-1,-1;Shape_Area "Shape_Area" false true true 8 Double 0 0,First,#,East End\PGH_EastEnd_Parcels,Shape_Area,-1,-1" #</Process><Process ToolSource="c:\program files\arcgis\pro\Resources\ArcToolbox\toolboxes\Data Management Tools.tbx\CopyFeatures" Date="20210313" Time="074720">CopyFeatures "F:\My Drive\48773 - Urban Design Computing Spring 2020\_99_Admin\UDC General Mapping Project\Demo_GIS_Types.gdb\Polygon_MixedMultiPart_Parcels" "F:\My Drive\48773 - Urban Design Computing Spring 2020\_99_Admin\UDC General Mapping Project\_03_ExportedData\Example SHP Importer Files\Polygon_MixedMultiPart_Parcels.shp" # # # #</Process></lineage></DataProperties><SyncDate>20210313</SyncDate><SyncTime>07471600</SyncTime><ModDate>20210313</ModDate><ModTime>07471600</ModTime></Esri><dataIdInfo><envirDesc Sync="TRUE">Microsoft Windows 10 Version 10.0 (Build 19042) ; Esri ArcGIS 12.7.0.26828</envirDesc><dataLang><languageCode value="eng" Sync="TRUE"></languageCode><countryCode value="USA" Sync="TRUE"></countryCode></dataLang><idCitation><resTitle Sync="TRUE">Polygon_MixedMultiPart_Parcels</resTitle><presForm><PresFormCd value="005" Sync="TRUE"></PresFormCd></presForm></idCitation><spatRpType><SpatRepTypCd value="001" Sync="TRUE"></SpatRepTypCd></spatRpType></dataIdInfo><mdLang><languageCode value="eng" Sync="TRUE"></languageCode><countryCode value="USA" Sync="TRUE"></countryCode></mdLang><distInfo><distFormat><formatName Sync="TRUE">Shapefile</formatName></distFormat><distTranOps><transSize Sync="TRUE">0.000</transSize></distTranOps></distInfo><mdHrLv><ScopeCd value="005" Sync="TRUE"></ScopeCd></mdHrLv><mdHrLvName Sync="TRUE">dataset</mdHrLvName><refSysInfo><RefSystem><refSysID><identCode code="2272" Sync="TRUE"></identCode><idCodeSpace Sync="TRUE">EPSG</idCodeSpace><idVersion Sync="TRUE">6.12(9.0.0)</idVersion></refSysID></RefSystem></refSysInfo><spatRepInfo><VectSpatRep><geometObjs Name="Polygon_MixedMultiPart_Parcels"><geoObjTyp><GeoObjTypCd value="002" Sync="TRUE"></GeoObjTypCd></geoObjTyp><geoObjCnt Sync="TRUE">0</geoObjCnt></geometObjs><topLvl><TopoLevCd value="001" Sync="TRUE"></TopoLevCd></topLvl></VectSpatRep></spatRepInfo><spdoinfo><ptvctinf><esriterm Name="Polygon_MixedMultiPart_Parcels"><efeatyp Sync="TRUE">Simple</efeatyp><efeageom code="4" Sync="TRUE"></efeageom><esritopo Sync="TRUE">FALSE</esritopo><efeacnt Sync="TRUE">0</efeacnt><spindex Sync="TRUE">FALSE</spindex><linrefer Sync="TRUE">FALSE</linrefer></esriterm></ptvctinf></spdoinfo><eainfo><detailed Name="Polygon_MixedMultiPart_Parcels"><enttyp><enttypl Sync="TRUE">Polygon_MixedMultiPart_Parcels</enttypl><enttypt Sync="TRUE">Feature Class</enttypt><enttypc Sync="TRUE">0</enttypc></enttyp><attr><attrlabl Sync="TRUE">FID</attrlabl><attalias Sync="TRUE">FID</attalias><attrtype Sync="TRUE">OID</attrtype><attwidth Sync="TRUE">4</attwidth><atprecis Sync="TRUE">0</atprecis><attscale Sync="TRUE">0</attscale><attrdef Sync="TRUE">Internal feature number.</attrdef><attrdefs Sync="TRUE">Esri</attrdefs><attrdomv><udom Sync="TRUE">Sequential unique whole numbers that are automatically generated.</udom></attrdomv></attr><attr><attrlabl Sync="TRUE">Shape</attrlabl><attalias Sync="TRUE">Shape</attalias><attrtype Sync="TRUE">Geometry</attrtype><attwidth Sync="TRUE">0</attwidth><atprecis Sync="TRUE">0</atprecis><attscale Sync="TRUE">0</attscale><attrdef Sync="TRUE">Feature geometry.</attrdef><attrdefs Sync="TRUE">Esri</attrdefs><attrdomv><udom Sync="TRUE">Coordinates defining the features.</udom></attrdomv></attr><attr><attrlabl Sync="TRUE">id</attrlabl><attalias Sync="TRUE">id</attalias><attrtype Sync="TRUE">String</attrtype><attwidth Sync="TRUE">80</attwidth><atprecis Sync="TRUE">0</atprecis><attscale Sync="TRUE">0</attscale></attr><attr><attrlabl Sync="TRUE">land_use_c</attrlabl><attalias Sync="TRUE">land_use_c</attalias><attrtype Sync="TRUE">String</attrtype><attwidth Sync="TRUE">80</attwidth><atprecis Sync="TRUE">0</atprecis><attscale Sync="TRUE">0</attscale></attr><attr><attrlabl Sync="TRUE">land_use_1</attrlabl><attalias Sync="TRUE">land_use_1</attalias><attrtype Sync="TRUE">String</attrtype><attwidth Sync="TRUE">80</attwidth><atprecis Sync="TRUE">0</atprecis><attscale Sync="TRUE">0</attscale></attr><attr><attrlabl Sync="TRUE">land_use_2</attrlabl><attalias Sync="TRUE">land_use_2</attalias><attrtype Sync="TRUE">String</attrtype><attwidth Sync="TRUE">80</attwidth><atprecis Sync="TRUE">0</atprecis><attscale Sync="TRUE">0</attscale></attr><attr><attrlabl Sync="TRUE">built_form</attrlabl><attalias Sync="TRUE">built_form</attalias><attrtype Sync="TRUE">String</attrtype><attwidth Sync="TRUE">80</attwidth><atprecis Sync="TRUE">0</atprecis><attscale Sync="TRUE">0</attscale></attr><attr><attrlabl Sync="TRUE">land_devel</attrlabl><attalias Sync="TRUE">land_devel</attalias><attrtype Sync="TRUE">String</attrtype><attwidth Sync="TRUE">80</attwidth><atprecis Sync="TRUE">0</atprecis><attscale Sync="TRUE">0</attscale></attr><attr><attrlabl Sync="TRUE">geometry_k</attrlabl><attalias Sync="TRUE">geometry_k</attalias><attrtype Sync="TRUE">String</attrtype><attwidth Sync="TRUE">80</attwidth><atprecis Sync="TRUE">0</atprecis><attscale Sync="TRUE">0</attscale></attr><attr><attrlabl Sync="TRUE">intersecti</attrlabl><attalias Sync="TRUE">intersecti</attalias><attrtype Sync="TRUE">Double</attrtype><attwidth Sync="TRUE">19</attwidth><atprecis Sync="TRUE">0</atprecis><attscale Sync="TRUE">0</attscale></attr><attr><attrlabl Sync="TRUE">area_gross</attrlabl><attalias Sync="TRUE">area_gross</attalias><attrtype Sync="TRUE">Double</attrtype><attwidth Sync="TRUE">19</attwidth><atprecis Sync="TRUE">0</atprecis><attscale Sync="TRUE">0</attscale></attr><attr><attrlabl Sync="TRUE">pop</attrlabl><attalias Sync="TRUE">pop</attalias><attrtype Sync="TRUE">Double</attrtype><attwidth Sync="TRUE">19</attwidth><atprecis Sync="TRUE">0</atprecis><attscale Sync="TRUE">0</attscale></attr><attr><attrlabl Sync="TRUE">hh</attrlabl><attalias Sync="TRUE">hh</attalias><attrtype Sync="TRUE">Double</attrtype><attwidth Sync="TRUE">19</attwidth><atprecis Sync="TRUE">0</atprecis><attscale Sync="TRUE">0</attscale></attr><attr><attrlabl Sync="TRUE">du</attrlabl><attalias Sync="TRUE">du</attalias><attrtype Sync="TRUE">Double</attrtype><attwidth Sync="TRUE">19</attwidth><atprecis Sync="TRUE">0</atprecis><attscale Sync="TRUE">0</attscale></attr><attr><attrlabl Sync="TRUE">du_detsf</attrlabl><attalias Sync="TRUE">du_detsf</attalias><attrtype Sync="TRUE">Double</attrtype><attwidth Sync="TRUE">19</attwidth><atprecis Sync="TRUE">0</atprecis><attscale Sync="TRUE">0</attscale></attr><attr><attrlabl Sync="TRUE">du_detsf_l</attrlabl><attalias Sync="TRUE">du_detsf_l</attalias><attrtype Sync="TRUE">Double</attrtype><attwidth Sync="TRUE">19</attwidth><atprecis Sync="TRUE">0</atprecis><attscale Sync="TRUE">0</attscale></attr><attr><attrlabl Sync="TRUE">du_detsf_s</attrlabl><attalias Sync="TRUE">du_detsf_s</attalias><attrtype Sync="TRUE">Double</attrtype><attwidth Sync="TRUE">19</attwidth><atprecis Sync="TRUE">0</atprecis><attscale Sync="TRUE">0</attscale></attr><attr><attrlabl Sync="TRUE">du_attsf</attrlabl><attalias Sync="TRUE">du_attsf</attalias><attrtype Sync="TRUE">Double</attrtype><attwidth Sync="TRUE">19</attwidth><atprecis Sync="TRUE">0</atprecis><attscale Sync="TRUE">0</attscale></attr><attr><attrlabl Sync="TRUE">du_mf</attrlabl><attalias Sync="TRUE">du_mf</attalias><attrtype Sync="TRUE">Double</attrtype><attwidth Sync="TRUE">19</attwidth><atprecis Sync="TRUE">0</atprecis><attscale Sync="TRUE">0</attscale></attr><attr><attrlabl Sync="TRUE">du_mf2to4</attrlabl><attalias Sync="TRUE">du_mf2to4</attalias><attrtype Sync="TRUE">Double</attrtype><attwidth Sync="TRUE">19</attwidth><atprecis Sync="TRUE">0</atprecis><attscale Sync="TRUE">0</attscale></attr><attr><attrlabl Sync="TRUE">du_mf5p</attrlabl><attalias Sync="TRUE">du_mf5p</attalias><attrtype Sync="TRUE">Double</attrtype><attwidth Sync="TRUE">19</attwidth><atprecis Sync="TRUE">0</atprecis><attscale Sync="TRUE">0</attscale></attr><attr><attrlabl Sync="TRUE">emp</attrlabl><attalias Sync="TRUE">emp</attalias><attrtype Sync="TRUE">Double</attrtype><attwidth Sync="TRUE">19</attwidth><atprecis Sync="TRUE">0</atprecis><attscale Sync="TRUE">0</attscale></attr><attr><attrlabl Sync="TRUE">emp_ret</attrlabl><attalias Sync="TRUE">emp_ret</attalias><attrtype Sync="TRUE">Double</attrtype><attwidth Sync="TRUE">19</attwidth><atprecis Sync="TRUE">0</atprecis><attscale Sync="TRUE">0</attscale></attr><attr><attrlabl Sync="TRUE">emp_off</attrlabl><attalias Sync="TRUE">emp_off</attalias><attrtype Sync="TRUE">Double</attrtype><attwidth Sync="TRUE">19</attwidth><atprecis Sync="TRUE">0</atprecis><attscale Sync="TRUE">0</attscale></attr><attr><attrlabl Sync="TRUE">emp_pub</attrlabl><attalias Sync="TRUE">emp_pub</attalias><attrtype Sync="TRUE">Double</attrtype><attwidth Sync="TRUE">19</attwidth><atprecis Sync="TRUE">0</atprecis><attscale Sync="TRUE">0</attscale></attr><attr><attrlabl Sync="TRUE">emp_ind</attrlabl><attalias Sync="TRUE">emp_ind</attalias><attrtype Sync="TRUE">Double</attrtype><attwidth Sync="TRUE">19</attwidth><atprecis Sync="TRUE">0</atprecis><attscale Sync="TRUE">0</attscale></attr><attr><attrlabl Sync="TRUE">emp_ag</attrlabl><attalias Sync="TRUE">emp_ag</attalias><attrtype Sync="TRUE">Double</attrtype><attwidth Sync="TRUE">19</attwidth><atprecis Sync="TRUE">0</atprecis><attscale Sync="TRUE">0</attscale></attr><attr><attrlabl Sync="TRUE">emp_milita</attrlabl><attalias Sync="TRUE">emp_milita</attalias><attrtype Sync="TRUE">Double</attrtype><attwidth Sync="TRUE">19</attwidth><atprecis Sync="TRUE">0</atprecis><attscale Sync="TRUE">0</attscale></attr><attr><attrlabl Sync="TRUE">emp_retail</attrlabl><attalias Sync="TRUE">emp_retail</attalias><attrtype Sync="TRUE">Double</attrtype><attwidth Sync="TRUE">19</attwidth><atprecis Sync="TRUE">0</atprecis><attscale Sync="TRUE">0</attscale></attr><attr><attrlabl Sync="TRUE">emp_restau</attrlabl><attalias Sync="TRUE">emp_restau</attalias><attrtype Sync="TRUE">Double</attrtype><attwidth Sync="TRUE">19</attwidth><atprecis Sync="TRUE">0</atprecis><attscale Sync="TRUE">0</attscale></attr><attr><attrlabl Sync="TRUE">emp_accomm</attrlabl><attalias Sync="TRUE">emp_accomm</attalias><attrtype Sync="TRUE">Double</attrtype><attwidth Sync="TRUE">19</attwidth><atprecis Sync="TRUE">0</atprecis><attscale Sync="TRUE">0</attscale></attr><attr><attrlabl Sync="TRUE">emp_arts_e</attrlabl><attalias Sync="TRUE">emp_arts_e</attalias><attrtype Sync="TRUE">Double</attrtype><attwidth Sync="TRUE">19</attwidth><atprecis Sync="TRUE">0</atprecis><attscale Sync="TRUE">0</attscale></attr><attr><attrlabl Sync="TRUE">emp_other_</attrlabl><attalias Sync="TRUE">emp_other_</attalias><attrtype Sync="TRUE">Double</attrtype><attwidth Sync="TRUE">19</attwidth><atprecis Sync="TRUE">0</atprecis><attscale Sync="TRUE">0</attscale></attr><attr><attrlabl Sync="TRUE">emp_office</attrlabl><attalias Sync="TRUE">emp_office</attalias><attrtype Sync="TRUE">Double</attrtype><attwidth Sync="TRUE">19</attwidth><atprecis Sync="TRUE">0</atprecis><attscale Sync="TRUE">0</attscale></attr><attr><attrlabl Sync="TRUE">emp_public</attrlabl><attalias Sync="TRUE">emp_public</attalias><attrtype Sync="TRUE">Double</attrtype><attwidth Sync="TRUE">19</attwidth><atprecis Sync="TRUE">0</atprecis><attscale Sync="TRUE">0</attscale></attr><attr><attrlabl Sync="TRUE">emp_educat</attrlabl><attalias Sync="TRUE">emp_educat</attalias><attrtype Sync="TRUE">Double</attrtype><attwidth Sync="TRUE">19</attwidth><atprecis Sync="TRUE">0</atprecis><attscale Sync="TRUE">0</attscale></attr><attr><attrlabl Sync="TRUE">emp_medica</attrlabl><attalias Sync="TRUE">emp_medica</attalias><attrtype Sync="TRUE">Double</attrtype><attwidth Sync="TRUE">19</attwidth><atprecis Sync="TRUE">0</atprecis><attscale Sync="TRUE">0</attscale></attr><attr><attrlabl Sync="TRUE">emp_manufa</attrlabl><attalias Sync="TRUE">emp_manufa</attalias><attrtype Sync="TRUE">Double</attrtype><attwidth Sync="TRUE">19</attwidth><atprecis Sync="TRUE">0</atprecis><attscale Sync="TRUE">0</attscale></attr><attr><attrlabl Sync="TRUE">emp_wholes</attrlabl><attalias Sync="TRUE">emp_wholes</attalias><attrtype Sync="TRUE">Double</attrtype><attwidth Sync="TRUE">19</attwidth><atprecis Sync="TRUE">0</atprecis><attscale Sync="TRUE">0</attscale></attr><attr><attrlabl Sync="TRUE">emp_transp</attrlabl><attalias Sync="TRUE">emp_transp</attalias><attrtype Sync="TRUE">Double</attrtype><attwidth Sync="TRUE">19</attwidth><atprecis Sync="TRUE">0</atprecis><attscale Sync="TRUE">0</attscale></attr><attr><attrlabl Sync="TRUE">emp_utilit</attrlabl><attalias Sync="TRUE">emp_utilit</attalias><attrtype Sync="TRUE">Double</attrtype><attwidth Sync="TRUE">19</attwidth><atprecis Sync="TRUE">0</atprecis><attscale Sync="TRUE">0</attscale></attr><attr><attrlabl Sync="TRUE">emp_constr</attrlabl><attalias Sync="TRUE">emp_constr</attalias><attrtype Sync="TRUE">Double</attrtype><attwidth Sync="TRUE">19</attwidth><atprecis Sync="TRUE">0</atprecis><attscale Sync="TRUE">0</attscale></attr><attr><attrlabl Sync="TRUE">emp_agricu</attrlabl><attalias Sync="TRUE">emp_agricu</attalias><attrtype Sync="TRUE">Double</attrtype><attwidth Sync="TRUE">19</attwidth><atprecis Sync="TRUE">0</atprecis><attscale Sync="TRUE">0</attscale></attr><attr><attrlabl Sync="TRUE">emp_extrac</attrlabl><attalias Sync="TRUE">emp_extrac</attalias><attrtype Sync="TRUE">Double</attrtype><attwidth Sync="TRUE">19</attwidth><atprecis Sync="TRUE">0</atprecis><attscale Sync="TRUE">0</attscale></attr><attr><attrlabl Sync="TRUE">bldg_area_</attrlabl><attalias Sync="TRUE">bldg_area_</attalias><attrtype Sync="TRUE">Double</attrtype><attwidth Sync="TRUE">19</attwidth><atprecis Sync="TRUE">0</atprecis><attscale Sync="TRUE">0</attscale></attr><attr><attrlabl Sync="TRUE">bldg_are_1</attrlabl><attalias Sync="TRUE">bldg_are_1</attalias><attrtype Sync="TRUE">Double</attrtype><attwidth Sync="TRUE">19</attwidth><atprecis Sync="TRUE">0</atprecis><attscale Sync="TRUE">0</attscale></attr><attr><attrlabl Sync="TRUE">bldg_are_2</attrlabl><attalias Sync="TRUE">bldg_are_2</attalias><attrtype Sync="TRUE">Double</attrtype><attwidth Sync="TRUE">19</attwidth><atprecis Sync="TRUE">0</atprecis><attscale Sync="TRUE">0</attscale></attr><attr><attrlabl Sync="TRUE">bldg_are_3</attrlabl><attalias Sync="TRUE">bldg_are_3</attalias><attrtype Sync="TRUE">Double</attrtype><attwidth Sync="TRUE">19</attwidth><atprecis Sync="TRUE">0</atprecis><attscale Sync="TRUE">0</attscale></attr><attr><attrlabl Sync="TRUE">bldg_are_4</attrlabl><attalias Sync="TRUE">bldg_are_4</attalias><attrtype Sync="TRUE">Double</attrtype><attwidth Sync="TRUE">19</attwidth><atprecis Sync="TRUE">0</atprecis><attscale Sync="TRUE">0</attscale></attr><attr><attrlabl Sync="TRUE">bldg_are_5</attrlabl><attalias Sync="TRUE">bldg_are_5</attalias><attrtype Sync="TRUE">Double</attrtype><attwidth Sync="TRUE">19</attwidth><atprecis Sync="TRUE">0</atprecis><attscale Sync="TRUE">0</attscale></attr><attr><attrlabl Sync="TRUE">bldg_are_6</attrlabl><attalias Sync="TRUE">bldg_are_6</attalias><attrtype Sync="TRUE">Double</attrtype><attwidth Sync="TRUE">19</attwidth><atprecis Sync="TRUE">0</atprecis><attscale Sync="TRUE">0</attscale></attr><attr><attrlabl Sync="TRUE">bldg_are_7</attrlabl><attalias Sync="TRUE">bldg_are_7</attalias><attrtype Sync="TRUE">Double</attrtype><attwidth Sync="TRUE">19</attwidth><atprecis Sync="TRUE">0</atprecis><attscale Sync="TRUE">0</attscale></attr><attr><attrlabl Sync="TRUE">bldg_are_8</attrlabl><attalias Sync="TRUE">bldg_are_8</attalias><attrtype Sync="TRUE">Double</attrtype><attwidth Sync="TRUE">19</attwidth><atprecis Sync="TRUE">0</atprecis><attscale Sync="TRUE">0</attscale></attr><attr><attrlabl Sync="TRUE">bldg_are_9</attrlabl><attalias Sync="TRUE">bldg_are_9</attalias><attrtype Sync="TRUE">Double</attrtype><attwidth Sync="TRUE">19</attwidth><atprecis Sync="TRUE">0</atprecis><attscale Sync="TRUE">0</attscale></attr><attr><attrlabl Sync="TRUE">bldg_are10</attrlabl><attalias Sync="TRUE">bldg_are10</attalias><attrtype Sync="TRUE">Double</attrtype><attwidth Sync="TRUE">19</attwidth><atprecis Sync="TRUE">0</atprecis><attscale Sync="TRUE">0</attscale></attr><attr><attrlabl Sync="TRUE">bldg_are11</attrlabl><attalias Sync="TRUE">bldg_are11</attalias><attrtype Sync="TRUE">Double</attrtype><attwidth Sync="TRUE">19</attwidth><atprecis Sync="TRUE">0</atprecis><attscale Sync="TRUE">0</attscale></attr><attr><attrlabl Sync="TRUE">bldg_are12</attrlabl><attalias Sync="TRUE">bldg_are12</attalias><attrtype Sync="TRUE">Double</attrtype><attwidth Sync="TRUE">19</attwidth><atprecis Sync="TRUE">0</atprecis><attscale Sync="TRUE">0</attscale></attr><attr><attrlabl Sync="TRUE">bldg_are13</attrlabl><attalias Sync="TRUE">bldg_are13</attalias><attrtype Sync="TRUE">Double</attrtype><attwidth Sync="TRUE">19</attwidth><atprecis Sync="TRUE">0</atprecis><attscale Sync="TRUE">0</attscale></attr><attr><attrlabl Sync="TRUE">bldg_are14</attrlabl><attalias Sync="TRUE">bldg_are14</attalias><attrtype Sync="TRUE">Double</attrtype><attwidth Sync="TRUE">19</attwidth><atprecis Sync="TRUE">0</atprecis><attscale Sync="TRUE">0</attscale></attr><attr><attrlabl Sync="TRUE">area_parce</attrlabl><attalias Sync="TRUE">area_parce</attalias><attrtype Sync="TRUE">Double</attrtype><attwidth Sync="TRUE">19</attwidth><atprecis Sync="TRUE">0</atprecis><attscale Sync="TRUE">0</attscale></attr><attr><attrlabl Sync="TRUE">area_par_1</attrlabl><attalias Sync="TRUE">area_par_1</attalias><attrtype Sync="TRUE">Double</attrtype><attwidth Sync="TRUE">19</attwidth><atprecis Sync="TRUE">0</atprecis><attscale Sync="TRUE">0</attscale></attr><attr><attrlabl Sync="TRUE">area_par_2</attrlabl><attalias Sync="TRUE">area_par_2</attalias><attrtype Sync="TRUE">Double</attrtype><attwidth Sync="TRUE">19</attwidth><atprecis Sync="TRUE">0</atprecis><attscale Sync="TRUE">0</attscale></attr><attr><attrlabl Sync="TRUE">area_par_3</attrlabl><attalias Sync="TRUE">area_par_3</attalias><attrtype Sync="TRUE">Double</attrtype><attwidth Sync="TRUE">19</attwidth><atprecis Sync="TRUE">0</atprecis><attscale Sync="TRUE">0</attscale></attr><attr><attrlabl Sync="TRUE">area_par_4</attrlabl><attalias Sync="TRUE">area_par_4</attalias><attrtype Sync="TRUE">Double</attrtype><attwidth Sync="TRUE">19</attwidth><atprecis Sync="TRUE">0</atprecis><attscale Sync="TRUE">0</attscale></attr><attr><attrlabl Sync="TRUE">area_par_5</attrlabl><attalias Sync="TRUE">area_par_5</attalias><attrtype Sync="TRUE">Double</attrtype><attwidth Sync="TRUE">19</attwidth><atprecis Sync="TRUE">0</atprecis><attscale Sync="TRUE">0</attscale></attr><attr><attrlabl Sync="TRUE">area_par_6</attrlabl><attalias Sync="TRUE">area_par_6</attalias><attrtype Sync="TRUE">Double</attrtype><attwidth Sync="TRUE">19</attwidth><atprecis Sync="TRUE">0</atprecis><attscale Sync="TRUE">0</attscale></attr><attr><attrlabl Sync="TRUE">area_par_7</attrlabl><attalias Sync="TRUE">area_par_7</attalias><attrtype Sync="TRUE">Double</attrtype><attwidth Sync="TRUE">19</attwidth><atprecis Sync="TRUE">0</atprecis><attscale Sync="TRUE">0</attscale></attr><attr><attrlabl Sync="TRUE">area_par_8</attrlabl><attalias Sync="TRUE">area_par_8</attalias><attrtype Sync="TRUE">Double</attrtype><attwidth Sync="TRUE">19</attwidth><atprecis Sync="TRUE">0</atprecis><attscale Sync="TRUE">0</attscale></attr><attr><attrlabl Sync="TRUE">area_par_9</attrlabl><attalias Sync="TRUE">area_par_9</attalias><attrtype Sync="TRUE">Double</attrtype><attwidth Sync="TRUE">19</attwidth><atprecis Sync="TRUE">0</atprecis><attscale Sync="TRUE">0</attscale></attr><attr><attrlabl Sync="TRUE">area_par10</attrlabl><attalias Sync="TRUE">area_par10</attalias><attrtype Sync="TRUE">Double</attrtype><attwidth Sync="TRUE">19</attwidth><atprecis Sync="TRUE">0</atprecis><attscale Sync="TRUE">0</attscale></attr><attr><attrlabl Sync="TRUE">area_par11</attrlabl><attalias Sync="TRUE">area_par11</attalias><attrtype Sync="TRUE">Double</attrtype><attwidth Sync="TRUE">19</attwidth><atprecis Sync="TRUE">0</atprecis><attscale Sync="TRUE">0</attscale></attr><attr><attrlabl Sync="TRUE">area_par12</attrlabl><attalias Sync="TRUE">area_par12</attalias><attrtype Sync="TRUE">Double</attrtype><attwidth Sync="TRUE">19</attwidth><atprecis Sync="TRUE">0</atprecis><attscale Sync="TRUE">0</attscale></attr><attr><attrlabl Sync="TRUE">area_par13</attrlabl><attalias Sync="TRUE">area_par13</attalias><attrtype Sync="TRUE">Double</attrtype><attwidth Sync="TRUE">19</attwidth><atprecis Sync="TRUE">0</atprecis><attscale Sync="TRUE">0</attscale></attr><attr><attrlabl Sync="TRUE">area_par14</attrlabl><attalias Sync="TRUE">area_par14</attalias><attrtype Sync="TRUE">Double</attrtype><attwidth Sync="TRUE">19</attwidth><atprecis Sync="TRUE">0</atprecis><attscale Sync="TRUE">0</attscale></attr><attr><attrlabl Sync="TRUE">area_par15</attrlabl><attalias Sync="TRUE">area_par15</attalias><attrtype Sync="TRUE">Double</attrtype><attwidth Sync="TRUE">19</attwidth><atprecis Sync="TRUE">0</atprecis><attscale Sync="TRUE">0</attscale></attr><attr><attrlabl Sync="TRUE">area_dev_c</attrlabl><attalias Sync="TRUE">area_dev_c</attalias><attrtype Sync="TRUE">Double</attrtype><attwidth Sync="TRUE">19</attwidth><atprecis Sync="TRUE">0</atprecis><attscale Sync="TRUE">0</attscale></attr><attr><attrlabl Sync="TRUE">area_row</attrlabl><attalias Sync="TRUE">area_row</attalias><attrtype Sync="TRUE">Double</attrtype><attwidth Sync="TRUE">19</attwidth><atprecis Sync="TRUE">0</atprecis><attscale Sync="TRUE">0</attscale></attr><attr><attrlabl Sync="TRUE">residentia</attrlabl><attalias Sync="TRUE">residentia</attalias><attrtype Sync="TRUE">Double</attrtype><attwidth Sync="TRUE">19</attwidth><atprecis Sync="TRUE">0</atprecis><attscale Sync="TRUE">0</attscale></attr><attr><attrlabl Sync="TRUE">commercial</attrlabl><attalias Sync="TRUE">commercial</attalias><attrtype Sync="TRUE">Double</attrtype><attwidth Sync="TRUE">19</attwidth><atprecis Sync="TRUE">0</atprecis><attscale Sync="TRUE">0</attscale></attr><attr><attrlabl Sync="TRUE">pop_groupq</attrlabl><attalias Sync="TRUE">pop_groupq</attalias><attrtype Sync="TRUE">Double</attrtype><attwidth Sync="TRUE">19</attwidth><atprecis Sync="TRUE">0</atprecis><attscale Sync="TRUE">0</attscale></attr><attr><attrlabl Sync="TRUE">uf_is_pain</attrlabl><attalias Sync="TRUE">uf_is_pain</attalias><attrtype Sync="TRUE">Double</attrtype><attwidth Sync="TRUE">19</attwidth><atprecis Sync="TRUE">0</atprecis><attscale Sync="TRUE">0</attscale></attr><attr><attrlabl Sync="TRUE">Shape_Leng</attrlabl><attalias Sync="TRUE">Shape_Leng</attalias><attrtype Sync="TRUE">Double</attrtype><attwidth Sync="TRUE">19</attwidth><atprecis Sync="TRUE">0</atprecis><attscale Sync="TRUE">0</attscale></attr><attr><attrlabl Sync="TRUE">Shape_Area</attrlabl><attalias Sync="TRUE">Shape_Area</attalias><attrtype Sync="TRUE">Double</attrtype><attwidth Sync="TRUE">19</attwidth><atprecis Sync="TRUE">0</atprecis><attscale Sync="TRUE">0</attscale><attrdef Sync="TRUE">Area of feature in internal units squared.</attrdef><attrdefs Sync="TRUE">Esri</attrdefs><attrdomv><udom Sync="TRUE">Positive real numbers that are automatically generated.</udom></attrdomv></attr></detailed></eainfo><mdDateSt Sync="TRUE">20210313</mdDateSt></metadata>
