<metadata><idinfo><citation><citeinfo><origin>Allegheny County Division of Computer Services Geographic Information Systems Group; Modified by GDR for the Allegheny County CAD project, October 2008.</origin><pubdate>first published February 2009</pubdate><title>streets</title><geoform>vector digital data</geoform><serinfo><sername>911 Address Verification Project</sername></serinfo><onlink>\\DCSCOB0315AD004\C$\Temp\streets.shp</onlink><ftname Sync="TRUE">ALCO_PUB.DBO.COUNTY_CO_STREETS_Display</ftname></citeinfo></citation><descript><abstract>This dataset contains street centerlines for vehicular and foot traffic in Allegheny County. Street Centerlines are classified as Primary Road, Secondary Road, Unpaved Road, Limited Access Road, Connecting Road, Jeep Trail, Walkway, Stairway, Alleyway and Unknown.  Modified by GDR for the Allegheny County CAD project, October 2008. Data is updated by County staff as changes and corrections are found, on a continuous basis. Updates are sent to PASDA monthly.</abstract><purpose>Data was developed as part of the effort to establish large scale base data to support a Geographic Information System in Allegheny County</purpose><supplinf>Data users are welcome to e-mail corrections to this dataset.</supplinf><langdata Sync="TRUE">en</langdata></descript><timeperd><timeinfo><sngdate><caldate>first published February 2009</caldate></sngdate></timeinfo><current>publication date</current></timeperd><status><progress>In work</progress><update>Continually</update></status><spdom><bounding><westbc>
-79.959468</westbc><eastbc>
-79.919319</eastbc><northbc>
40.430509</northbc><southbc>
40.397843</southbc></bounding><lboundng><leftbc Sync="TRUE">1241725.750175</leftbc><rightbc Sync="TRUE">1431186.270007</rightbc><bottombc Sync="TRUE">320518.794068</bottombc><topbc Sync="TRUE">498621.500149</topbc></lboundng></spdom><keywords><theme><themekt>STREET CENTERLINE</themekt><themekey>STREET CENTERLINE</themekey></theme></keywords><useconst>All parties acknowledge that the data is for informational purposes only. The existing digital data is shipped as is and there is no guarantee as to its completeness or accuracy. Allegheny County Division of Computer Services Geographic Information Systems Group is not responsible for any reliance upon said data.</useconst><ptcontac><cntinfo><cntorgp><cntorg>Allegheny County Division of Computer Services Geographic Information Systems Group</cntorg></cntorgp><cntaddr><addrtype>mailing and physical address</addrtype><address>621 County Office Building</address><address>542 Forbes Ave.</address><city>Pittsburgh</city><state>PA</state><postal>15219</postal><country>United States</country></cntaddr><cntvoice>(412) 350-4774</cntvoice><cntfax>(412) 350-4754</cntfax><cntemail>GIShelp@alleghenycounty.us</cntemail></cntinfo></ptcontac><native>Microsoft Windows Vista Version 6.1 (Build 7601) Service Pack 1; ESRI ArcCatalog 9.3.1.4000</native><natvform Sync="TRUE">SDE Feature Class</natvform></idinfo><dataqual><attracc><attraccr>Modified by GDR for the Allegheny County CAD project, October 2008.
Data was subject to visual check by County GIS Staff for attribute accuracy.

NOTE: This data is considered to be spatially accurate, but lacking attributes such as address ranges, street names and zip codes, making it inappropriate for geocoding applications.</attraccr></attracc><logic>Modified by GDR for the Allegheny County CAD project, October 2008.</logic><complete>Modified by GDR for the Allegheny County CAD project, October 2008.
As part of the 2004 update project, mapping was provided covering an area extending 1500 feet beyond the county boundary line. All planimetric, contour and DTM features were delivered in ESRI geodatabase format as County-wide seamless Feature Classes.</complete><lineage><srcinfo><srccite><citeinfo><origin>Allegheny County Division of Computer Services Geographic Information Systems Group</origin></citeinfo></srccite></srcinfo><procstep><procdesc>Metadata imported.</procdesc><procdate>20130228</procdate><proctime>10184700</proctime></procstep></lineage></dataqual><spdoinfo><direct>Vector</direct><ptvctinf><esriterm Name="Polyline_MultipartMix_Streets"><efeatyp Sync="TRUE">Simple</efeatyp><efeageom code="3" Sync="TRUE"></efeageom><esritopo Sync="TRUE">FALSE</esritopo><efeacnt Sync="TRUE">0</efeacnt><spindex Sync="TRUE">FALSE</spindex><linrefer Sync="TRUE">FALSE</linrefer></esriterm></ptvctinf></spdoinfo><spref><horizsys><planar><planci><plance>coordinate pair</plance><coordrep><absres>0.000000</absres><ordres>0.000000</ordres></coordrep><plandu>survey feet</plandu></planci></planar><geodetic><horizdn>North American Datum of 1983</horizdn><ellips>Geodetic Reference System 80</ellips><semiaxis>6378137.000000</semiaxis><denflat>298.257222</denflat></geodetic><cordsysn><geogcsn Sync="TRUE">GCS_North_American_1983</geogcsn><projcsn Sync="TRUE">NAD_1983_StatePlane_Pennsylvania_South_FIPS_3702_Feet</projcsn></cordsysn></horizsys><vertdef><altsys><altres>1.000000</altres><altenc>Explicit elevation coordinate included with horizontal coordinates</altenc></altsys></vertdef></spref><eainfo><detailed Name="Polyline_MultipartMix_Streets"><enttyp><enttypl>
streets</enttypl><enttypt Sync="TRUE">Feature Class</enttypt><enttypc Sync="TRUE">0</enttypc></enttyp><attr><attrlabl Sync="TRUE">FID</attrlabl><attalias Sync="TRUE">FID</attalias><attrtype Sync="TRUE">OID</attrtype><attwidth Sync="TRUE">4</attwidth><atprecis Sync="TRUE">0</atprecis><attscale Sync="TRUE">0</attscale><attrdef Sync="TRUE">Internal feature number.</attrdef><attrdefs Sync="TRUE">Esri</attrdefs><attrdomv><udom Sync="TRUE">Sequential unique whole numbers that are automatically generated.</udom></attrdomv></attr><attr><attrlabl>ST_PREFIX</attrlabl><attrdef>Street Prefix</attrdef><attalias Sync="TRUE">ST_PREFIX</attalias><attrtype Sync="TRUE">String</attrtype><attwidth Sync="TRUE">2</attwidth><atprecis Sync="TRUE">0</atprecis><attscale Sync="TRUE">0</attscale></attr><attr><attrlabl>ST_NAME</attrlabl><attrdef>Street name</attrdef><attalias Sync="TRUE">ST_NAME</attalias><attrtype Sync="TRUE">String</attrtype><attwidth Sync="TRUE">30</attwidth><atprecis Sync="TRUE">0</atprecis><attscale Sync="TRUE">0</attscale></attr><attr><attrlabl>ST_TYPE</attrlabl><attrdef>Street Type</attrdef><attalias Sync="TRUE">ST_TYPE</attalias><attrtype Sync="TRUE">String</attrtype><attwidth Sync="TRUE">4</attwidth><atprecis Sync="TRUE">0</atprecis><attscale Sync="TRUE">0</attscale></attr><attr><attrlabl>ST_SUFFIX</attrlabl><attrdef>Street Suffix</attrdef><attalias Sync="TRUE">ST_SUFFIX</attalias><attrtype Sync="TRUE">String</attrtype><attwidth Sync="TRUE">2</attwidth><atprecis Sync="TRUE">0</atprecis><attscale Sync="TRUE">0</attscale></attr><attr><attrlabl>LLO</attrlabl><attrdef>Left Low Address</attrdef><attalias Sync="TRUE">LLO</attalias><attrtype Sync="TRUE">Double</attrtype><attwidth Sync="TRUE">19</attwidth><atprecis Sync="TRUE">0</atprecis><attscale Sync="TRUE">0</attscale></attr><attr><attrlabl>LHI</attrlabl><attrdef>Left High Address</attrdef><attalias Sync="TRUE">LHI</attalias><attrtype Sync="TRUE">Double</attrtype><attwidth Sync="TRUE">19</attwidth><atprecis Sync="TRUE">0</atprecis><attscale Sync="TRUE">0</attscale></attr><attr><attrlabl>RLO</attrlabl><attrdef>Right Low Address</attrdef><attalias Sync="TRUE">RLO</attalias><attrtype Sync="TRUE">Double</attrtype><attwidth Sync="TRUE">19</attwidth><atprecis Sync="TRUE">0</atprecis><attscale Sync="TRUE">0</attscale></attr><attr><attrlabl>RHI</attrlabl><attrdef>Right High Address</attrdef><attalias Sync="TRUE">RHI</attalias><attrtype Sync="TRUE">Double</attrtype><attwidth Sync="TRUE">19</attwidth><atprecis Sync="TRUE">0</atprecis><attscale Sync="TRUE">0</attscale></attr><attr><attrlabl>L_ZIP</attrlabl><attrdef>Left Zip Code</attrdef><attalias Sync="TRUE">L_ZIP</attalias><attrtype Sync="TRUE">String</attrtype><attwidth Sync="TRUE">10</attwidth><atprecis Sync="TRUE">0</atprecis><attscale Sync="TRUE">0</attscale></attr><attr><attrlabl>R_ZIP</attrlabl><attrdef>Right Zip Code</attrdef><attalias Sync="TRUE">R_ZIP</attalias><attrtype Sync="TRUE">String</attrtype><attwidth Sync="TRUE">10</attwidth><atprecis Sync="TRUE">0</atprecis><attscale Sync="TRUE">0</attscale></attr><attr><attrlabl>LMUNI</attrlabl><attrdef>Left Municipality</attrdef><attalias Sync="TRUE">LMUNI</attalias><attrtype Sync="TRUE">String</attrtype><attwidth Sync="TRUE">30</attwidth><atprecis Sync="TRUE">0</atprecis><attscale Sync="TRUE">0</attscale></attr><attr><attrlabl>RMUNI</attrlabl><attrdef>Right Municipality</attrdef><attalias Sync="TRUE">RMUNI</attalias><attrtype Sync="TRUE">String</attrtype><attwidth Sync="TRUE">30</attwidth><atprecis Sync="TRUE">0</atprecis><attscale Sync="TRUE">0</attscale></attr><attr><attrlabl>F_NODE</attrlabl><attrdef>From node</attrdef><attalias Sync="TRUE">F_NODE</attalias><attrtype Sync="TRUE">Double</attrtype><attwidth Sync="TRUE">19</attwidth><atprecis Sync="TRUE">0</atprecis><attscale Sync="TRUE">0</attscale></attr><attr><attrlabl>T_NODE</attrlabl><attrdef>To node</attrdef><attalias Sync="TRUE">T_NODE</attalias><attrtype Sync="TRUE">Double</attrtype><attwidth Sync="TRUE">19</attwidth><atprecis Sync="TRUE">0</atprecis><attscale Sync="TRUE">0</attscale></attr><attr><attrlabl>FCC</attrlabl><attrdef>Feature Class Codes</attrdef><attrdomv><edom><edomvds>http://www.proximityone.com/tgrcfcc.htm</edomvds></edom></attrdomv><attalias Sync="TRUE">FCC</attalias><attrtype Sync="TRUE">String</attrtype><attwidth Sync="TRUE">5</attwidth><atprecis Sync="TRUE">0</atprecis><attscale Sync="TRUE">0</attscale></attr><attr><attrlabl>SPEED</attrlabl><attrdef>Speed Limit</attrdef><attalias Sync="TRUE">SPEED</attalias><attrtype Sync="TRUE">Integer</attrtype><attwidth Sync="TRUE">10</attwidth><atprecis Sync="TRUE">10</atprecis><attscale Sync="TRUE">0</attscale></attr><attr><attrlabl>F_ZLEV</attrlabl><attrdef>Relative height (z-level) of start node</attrdef><attalias Sync="TRUE">F_ZLEV</attalias><attrtype Sync="TRUE">Integer</attrtype><attwidth Sync="TRUE">10</attwidth><atprecis Sync="TRUE">10</atprecis><attscale Sync="TRUE">0</attscale></attr><attr><attrlabl>T_ZLEV</attrlabl><attrdef>Relative height (z-level) of end node</attrdef><attalias Sync="TRUE">T_ZLEV</attalias><attrtype Sync="TRUE">Integer</attrtype><attwidth Sync="TRUE">10</attwidth><atprecis Sync="TRUE">10</atprecis><attscale Sync="TRUE">0</attscale></attr><attr><attrlabl>ONEWAY</attrlabl><attrdef>One-Way flags</attrdef><attalias Sync="TRUE">ONEWAY</attalias><attrtype Sync="TRUE">String</attrtype><attwidth Sync="TRUE">5</attwidth><atprecis Sync="TRUE">0</atprecis><attscale Sync="TRUE">0</attscale></attr><attr><attrlabl>SHAPE</attrlabl><attrdef>Feature geometry.</attrdef><attrdefs>ESRI</attrdefs><attrdomv><udom>Coordinates defining the features.</udom></attrdomv><attalias Sync="TRUE">Shape</attalias><attrtype Sync="TRUE">Geometry</attrtype><attwidth Sync="TRUE">0</attwidth><atprecis Sync="TRUE">0</atprecis><attscale Sync="TRUE">0</attscale></attr><attr><attrlabl>LAR</attrlabl><attrdef>Limited Access Roadway</attrdef><attalias Sync="TRUE">LAR</attalias><attrtype Sync="TRUE">String</attrtype><attwidth Sync="TRUE">1</attwidth><atprecis Sync="TRUE">0</atprecis><attscale Sync="TRUE">0</attscale></attr><attr><attrlabl>LARDIR</attrlabl><attrdef>Limited Access Roadway Direction</attrdef><attalias Sync="TRUE">LARDIR</attalias><attrtype Sync="TRUE">String</attrtype><attwidth Sync="TRUE">2</attwidth><atprecis Sync="TRUE">0</atprecis><attscale Sync="TRUE">0</attscale></attr><attr><attrlabl>A1</attrlabl><attrdef>Alias 1</attrdef><attalias Sync="TRUE">A1</attalias><attrtype Sync="TRUE">String</attrtype><attwidth Sync="TRUE">75</attwidth><atprecis Sync="TRUE">0</atprecis><attscale Sync="TRUE">0</attscale></attr><attr><attrlabl>A2</attrlabl><attrdef>Alias 2</attrdef><attalias Sync="TRUE">A2</attalias><attrtype Sync="TRUE">String</attrtype><attwidth Sync="TRUE">75</attwidth><atprecis Sync="TRUE">0</atprecis><attscale Sync="TRUE">0</attscale></attr><attr><attrlabl>DYNAMAPID</attrlabl><attrdef>TeleAtlas Assigned Unique Segment Identification Number</attrdef><attalias Sync="TRUE">DYNAMAPID</attalias><attrtype Sync="TRUE">String</attrtype><attwidth Sync="TRUE">25</attwidth><atprecis Sync="TRUE">0</atprecis><attscale Sync="TRUE">0</attscale></attr><attr><attrlabl>FULL_NAME</attrlabl><attrdef>All Components of Road Name</attrdef><attalias Sync="TRUE">FULL_NAME</attalias><attrtype Sync="TRUE">String</attrtype><attwidth Sync="TRUE">128</attwidth><atprecis Sync="TRUE">0</atprecis><attscale Sync="TRUE">0</attscale></attr><attr><attrlabl>ModifiedBy</attrlabl><attalias Sync="TRUE">ModifiedBy</attalias><attrtype Sync="TRUE">String</attrtype><attwidth Sync="TRUE">10</attwidth><atprecis Sync="TRUE">0</atprecis><attscale Sync="TRUE">0</attscale></attr><attr><attrlabl>ModifiedOn</attrlabl><attalias Sync="TRUE">ModifiedOn</attalias><attrtype Sync="TRUE">String</attrtype><attwidth Sync="TRUE">30</attwidth><atprecis Sync="TRUE">0</atprecis><attscale Sync="TRUE">0</attscale></attr><attr><attrlabl>CreatedBy</attrlabl><attalias Sync="TRUE">CreatedBy</attalias><attrtype Sync="TRUE">String</attrtype><attwidth Sync="TRUE">10</attwidth><atprecis Sync="TRUE">0</atprecis><attscale Sync="TRUE">0</attscale></attr><attr><attrlabl>CreatedOn</attrlabl><attalias Sync="TRUE">CreatedOn</attalias><attrtype Sync="TRUE">String</attrtype><attwidth Sync="TRUE">30</attwidth><atprecis Sync="TRUE">0</atprecis><attscale Sync="TRUE">0</attscale></attr><attr><attrlabl>CAD_A1</attrlabl><attalias Sync="TRUE">CAD_A1</attalias><attrtype Sync="TRUE">String</attrtype><attwidth Sync="TRUE">75</attwidth><atprecis Sync="TRUE">0</atprecis><attscale Sync="TRUE">0</attscale></attr><attr><attrlabl>CAD_A2</attrlabl><attalias Sync="TRUE">CAD_A2</attalias><attrtype Sync="TRUE">String</attrtype><attwidth Sync="TRUE">75</attwidth><atprecis Sync="TRUE">0</atprecis><attscale Sync="TRUE">0</attscale></attr><attr><attrlabl>CAD_LLO</attrlabl><attalias Sync="TRUE">CAD_LLO</attalias><attrtype Sync="TRUE">Double</attrtype><attwidth Sync="TRUE">19</attwidth><atprecis Sync="TRUE">0</atprecis><attscale Sync="TRUE">0</attscale></attr><attr><attrlabl>CAD_LHI</attrlabl><attalias Sync="TRUE">CAD_LHI</attalias><attrtype Sync="TRUE">Double</attrtype><attwidth Sync="TRUE">19</attwidth><atprecis Sync="TRUE">0</atprecis><attscale Sync="TRUE">0</attscale></attr><attr><attrlabl>CAD_RLO</attrlabl><attalias Sync="TRUE">CAD_RLO</attalias><attrtype Sync="TRUE">Double</attrtype><attwidth Sync="TRUE">19</attwidth><atprecis Sync="TRUE">0</atprecis><attscale Sync="TRUE">0</attscale></attr><attr><attrlabl>CAD_RHI</attrlabl><attalias Sync="TRUE">CAD_RHI</attalias><attrtype Sync="TRUE">Double</attrtype><attwidth Sync="TRUE">19</attwidth><atprecis Sync="TRUE">0</atprecis><attscale Sync="TRUE">0</attscale></attr><attr><attrlabl>P_OVR_L</attrlabl><attalias Sync="TRUE">P_OVR_L</attalias><attrtype Sync="TRUE">String</attrtype><attwidth Sync="TRUE">8</attwidth><atprecis Sync="TRUE">0</atprecis><attscale Sync="TRUE">0</attscale></attr><attr><attrlabl>P_OVR_R</attrlabl><attalias Sync="TRUE">P_OVR_R</attalias><attrtype Sync="TRUE">String</attrtype><attwidth Sync="TRUE">8</attwidth><atprecis Sync="TRUE">0</atprecis><attscale Sync="TRUE">0</attscale></attr><attr><attrlabl>F_OVR_L</attrlabl><attalias Sync="TRUE">F_OVR_L</attalias><attrtype Sync="TRUE">String</attrtype><attwidth Sync="TRUE">8</attwidth><atprecis Sync="TRUE">0</atprecis><attscale Sync="TRUE">0</attscale></attr><attr><attrlabl>F_OVR_R</attrlabl><attalias Sync="TRUE">F_OVR_R</attalias><attrtype Sync="TRUE">String</attrtype><attwidth Sync="TRUE">8</attwidth><atprecis Sync="TRUE">0</atprecis><attscale Sync="TRUE">0</attscale></attr><attr><attrlabl>E_OVR_L</attrlabl><attalias Sync="TRUE">E_OVR_L</attalias><attrtype Sync="TRUE">String</attrtype><attwidth Sync="TRUE">8</attwidth><atprecis Sync="TRUE">0</atprecis><attscale Sync="TRUE">0</attscale></attr><attr><attrlabl>E_OVR_R</attrlabl><attalias Sync="TRUE">E_OVR_R</attalias><attrtype Sync="TRUE">String</attrtype><attwidth Sync="TRUE">8</attwidth><atprecis Sync="TRUE">0</atprecis><attscale Sync="TRUE">0</attscale></attr><attr><attrlabl>CAD</attrlabl><attalias Sync="TRUE">CAD</attalias><attrtype Sync="TRUE">String</attrtype><attwidth Sync="TRUE">1</attwidth><atprecis Sync="TRUE">0</atprecis><attscale Sync="TRUE">0</attscale></attr><attr><attrlabl Sync="TRUE">Shape_Leng</attrlabl><attalias Sync="TRUE">Shape_Leng</attalias><attrtype Sync="TRUE">Double</attrtype><attwidth Sync="TRUE">19</attwidth><atprecis Sync="TRUE">0</atprecis><attscale Sync="TRUE">0</attscale></attr></detailed></eainfo><distinfo><resdesc>Call for Details</resdesc><stdorder><digform><digtinfo><transize>0.150</transize></digtinfo></digform></stdorder></distinfo><metainfo><metd>20130301</metd><metc><cntinfo><cntorgp><cntorg>Allegheny County Division of Computer Services Geographic Information Systems Group</cntorg></cntorgp><cntaddr></cntaddr><cntvoice>(412) 350-4774</cntvoice><cntfax>(412) 350-4754</cntfax><cntemail>GIShelp@alleghenycounty.us</cntemail></cntinfo></metc><metstdn>FGDC Content Standards for Digital Geospatial Metadata</metstdn><metstdv>FGDC-STD-001-1998</metstdv><mettc>local time</mettc><metextns></metextns><metextns></metextns><metextns><onlink>http://www.esri.com/metadata/esriprof80.html</onlink><metprof>ESRI Metadata Profile</metprof></metextns><langmeta Sync="TRUE">en</langmeta></metainfo><dataIdInfo><envirDesc Sync="TRUE">Microsoft Windows 10 Version 10.0 (Build 19042) ; Esri ArcGIS 12.7.0.26828</envirDesc><dataLang><languageCode Sync="TRUE" value="eng"></languageCode><countryCode value="USA" Sync="TRUE"></countryCode></dataLang><idCitation><resTitle Sync="TRUE">Polyline_MultipartMix_Streets</resTitle><presForm><PresFormCd Sync="TRUE" value="005"></PresFormCd></presForm></idCitation><spatRpType><SpatRepTypCd Sync="TRUE" value="001"></SpatRepTypCd></spatRpType><dataExt><geoEle><GeoBndBox esriExtentType="native"><westBL Sync="TRUE">1241725.750175</westBL><eastBL Sync="TRUE">1431186.270007</eastBL><northBL Sync="TRUE">498621.500149</northBL><southBL Sync="TRUE">320518.794068</southBL><exTypeCode Sync="TRUE">1</exTypeCode></GeoBndBox></geoEle></dataExt><geoBox esriExtentType="decdegrees"><westBL Sync="TRUE">-80.370465</westBL><eastBL Sync="TRUE">-79.673615</eastBL><northBL Sync="TRUE">40.685897</northBL><southBL Sync="TRUE">40.1838</southBL><exTypeCode Sync="TRUE">1</exTypeCode></geoBox></dataIdInfo><mdLang><languageCode Sync="TRUE" value="eng"></languageCode><countryCode value="USA" Sync="TRUE"></countryCode></mdLang><mdStanName Sync="TRUE">ISO 19115 Geographic Information - Metadata</mdStanName><mdStanVer Sync="TRUE">DIS_ESRI1.0</mdStanVer><mdChar><CharSetCd Sync="TRUE" value="004"></CharSetCd></mdChar><mdHrLv><ScopeCd Sync="TRUE" value="005"></ScopeCd></mdHrLv><mdHrLvName Sync="TRUE">dataset</mdHrLvName><distInfo><distributor><distorTran><onLineSrc><orDesc Sync="TRUE">002</orDesc><linkage Sync="TRUE">Server=sqlinst1; Service=sde:sqlserver:sqlinst1\sqlinst1; Database=ALCO_PUB; User=GIS_Admin; Version=dbo.DEFAULT</linkage><protocol Sync="TRUE">ArcSDE Connection</protocol></onLineSrc></distorTran><distorFormat><formatName Sync="TRUE">SDE Feature Class</formatName></distorFormat></distributor><distFormat><formatName Sync="TRUE">Shapefile</formatName></distFormat><distTranOps><transSize Sync="TRUE">0.000</transSize></distTranOps></distInfo><refSysInfo><RefSystem><refSysID><identCode Sync="TRUE" code="2272">NAD_1983_StatePlane_Pennsylvania_South_FIPS_3702_Feet</identCode><idCodeSpace Sync="TRUE">EPSG</idCodeSpace><idVersion Sync="TRUE">6.12(9.0.0)</idVersion></refSysID></RefSystem></refSysInfo><spatRepInfo><VectSpatRep><geometObjs Name="Polyline_MultipartMix_Streets"><geoObjTyp><GeoObjTypCd value="002" Sync="TRUE"></GeoObjTypCd></geoObjTyp><geoObjCnt Sync="TRUE">0</geoObjCnt></geometObjs><topLvl><TopoLevCd value="001" Sync="TRUE"></TopoLevCd></topLvl></VectSpatRep></spatRepInfo><Esri><SyncDate>20210313</SyncDate><SyncTime>07472800</SyncTime><ModDate>20210313</ModDate><ModTime>07472800</ModTime><DataProperties><itemProps><itemName Sync="TRUE">Polyline_MultipartMix_Streets</itemName><imsContentType Sync="TRUE">002</imsContentType><itemSize Sync="TRUE">0.000</itemSize><itemLocation><linkage Sync="TRUE">file://\\DESKTOP-JIA5RLN\F\My Drive\48773 - Urban Design Computing Spring 2020\_99_Admin\UDC General Mapping Project\_03_ExportedData\Example SHP Importer Files\Polyline_MultipartMix_Streets.shp</linkage><protocol Sync="TRUE">Local Area Network</protocol></itemLocation></itemProps><coordRef><type Sync="TRUE">Projected</type><geogcsn Sync="TRUE">GCS_North_American_1983</geogcsn><csUnits Sync="TRUE">Linear Unit: Foot_US (0.304801)</csUnits><projcsn Sync="TRUE">NAD_1983_StatePlane_Pennsylvania_South_FIPS_3702_Feet</projcsn><peXml Sync="TRUE">&lt;ProjectedCoordinateSystem xsi:type='typens:ProjectedCoordinateSystem' xmlns:xsi='http://www.w3.org/2001/XMLSchema-instance' xmlns:xs='http://www.w3.org/2001/XMLSchema' xmlns:typens='http://www.esri.com/schemas/ArcGIS/2.7.0'&gt;&lt;WKT&gt;PROJCS[&amp;quot;NAD_1983_StatePlane_Pennsylvania_South_FIPS_3702_Feet&amp;quot;,GEOGCS[&amp;quot;GCS_North_American_1983&amp;quot;,DATUM[&amp;quot;D_North_American_1983&amp;quot;,SPHEROID[&amp;quot;GRS_1980&amp;quot;,6378137.0,298.257222101]],PRIMEM[&amp;quot;Greenwich&amp;quot;,0.0],UNIT[&amp;quot;Degree&amp;quot;,0.0174532925199433]],PROJECTION[&amp;quot;Lambert_Conformal_Conic&amp;quot;],PARAMETER[&amp;quot;False_Easting&amp;quot;,1968500.0],PARAMETER[&amp;quot;False_Northing&amp;quot;,0.0],PARAMETER[&amp;quot;Central_Meridian&amp;quot;,-77.75],PARAMETER[&amp;quot;Standard_Parallel_1&amp;quot;,39.93333333333333],PARAMETER[&amp;quot;Standard_Parallel_2&amp;quot;,40.96666666666667],PARAMETER[&amp;quot;Latitude_Of_Origin&amp;quot;,39.33333333333334],UNIT[&amp;quot;Foot_US&amp;quot;,0.3048006096012192],AUTHORITY[&amp;quot;EPSG&amp;quot;,2272]]&lt;/WKT&gt;&lt;XOrigin&gt;-119214200&lt;/XOrigin&gt;&lt;YOrigin&gt;-96198500&lt;/YOrigin&gt;&lt;XYScale&gt;37163717.489134133&lt;/XYScale&gt;&lt;ZOrigin&gt;-100000&lt;/ZOrigin&gt;&lt;ZScale&gt;10000&lt;/ZScale&gt;&lt;MOrigin&gt;-100000&lt;/MOrigin&gt;&lt;MScale&gt;10000&lt;/MScale&gt;&lt;XYTolerance&gt;0.0032808333333333331&lt;/XYTolerance&gt;&lt;ZTolerance&gt;0.001&lt;/ZTolerance&gt;&lt;MTolerance&gt;0.001&lt;/MTolerance&gt;&lt;HighPrecision&gt;true&lt;/HighPrecision&gt;&lt;WKID&gt;102729&lt;/WKID&gt;&lt;LatestWKID&gt;2272&lt;/LatestWKID&gt;&lt;/ProjectedCoordinateSystem&gt;</peXml></coordRef><lineage><Process ToolSource="c:\program files (x86)\arcgis\desktop10.1\ArcToolbox\Toolboxes\Conversion Tools.tbx\FeatureClassToFeatureClass" Date="20141002" Time="183811">FeatureClassToFeatureClass \\entfsh01\fsh01_gis$\gisdata\data\Countywide\SDE_Conns\DirectConnect\PUB_VIEWER@Alco_PUB@sqlinst1(DC).sde\ALCO_PUB.DBO.Addressing\ALCO_PUB.DBO.COUNTY_CO_STREETS_Display C:\PASDA octStreets.shp # "ST_PREFIX "ST_PREFIX" true true false 2 Text 0 0 ,First,#,\\entfsh01\fsh01_gis$\gisdata\data\Countywide\SDE_Conns\DirectConnect\PUB_VIEWER@Alco_PUB@sqlinst1(DC).sde\ALCO_PUB.DBO.Addressing\ALCO_PUB.DBO.COUNTY_CO_STREETS_Display,ST_PREFIX,-1,-1;ST_NAME "ST_NAME" true true false 30 Text 0 0 ,First,#,\\entfsh01\fsh01_gis$\gisdata\data\Countywide\SDE_Conns\DirectConnect\PUB_VIEWER@Alco_PUB@sqlinst1(DC).sde\ALCO_PUB.DBO.Addressing\ALCO_PUB.DBO.COUNTY_CO_STREETS_Display,ST_NAME,-1,-1;ST_TYPE "ST_TYPE" true true false 4 Text 0 0 ,First,#,\\entfsh01\fsh01_gis$\gisdata\data\Countywide\SDE_Conns\DirectConnect\PUB_VIEWER@Alco_PUB@sqlinst1(DC).sde\ALCO_PUB.DBO.Addressing\ALCO_PUB.DBO.COUNTY_CO_STREETS_Display,ST_TYPE,-1,-1;ST_SUFFIX "ST_SUFFIX" true true false 2 Text 0 0 ,First,#,\\entfsh01\fsh01_gis$\gisdata\data\Countywide\SDE_Conns\DirectConnect\PUB_VIEWER@Alco_PUB@sqlinst1(DC).sde\ALCO_PUB.DBO.Addressing\ALCO_PUB.DBO.COUNTY_CO_STREETS_Display,ST_SUFFIX,-1,-1;LLO "LLO" true true false 8 Double 8 38 ,First,#,\\entfsh01\fsh01_gis$\gisdata\data\Countywide\SDE_Conns\DirectConnect\PUB_VIEWER@Alco_PUB@sqlinst1(DC).sde\ALCO_PUB.DBO.Addressing\ALCO_PUB.DBO.COUNTY_CO_STREETS_Display,LLO,-1,-1;LHI "LHI" true true false 8 Double 8 38 ,First,#,\\entfsh01\fsh01_gis$\gisdata\data\Countywide\SDE_Conns\DirectConnect\PUB_VIEWER@Alco_PUB@sqlinst1(DC).sde\ALCO_PUB.DBO.Addressing\ALCO_PUB.DBO.COUNTY_CO_STREETS_Display,LHI,-1,-1;RLO "RLO" true true false 8 Double 8 38 ,First,#,\\entfsh01\fsh01_gis$\gisdata\data\Countywide\SDE_Conns\DirectConnect\PUB_VIEWER@Alco_PUB@sqlinst1(DC).sde\ALCO_PUB.DBO.Addressing\ALCO_PUB.DBO.COUNTY_CO_STREETS_Display,RLO,-1,-1;RHI "RHI" true true false 8 Double 8 38 ,First,#,\\entfsh01\fsh01_gis$\gisdata\data\Countywide\SDE_Conns\DirectConnect\PUB_VIEWER@Alco_PUB@sqlinst1(DC).sde\ALCO_PUB.DBO.Addressing\ALCO_PUB.DBO.COUNTY_CO_STREETS_Display,RHI,-1,-1;L_ZIP "L_ZIP" true true false 10 Text 0 0 ,First,#,\\entfsh01\fsh01_gis$\gisdata\data\Countywide\SDE_Conns\DirectConnect\PUB_VIEWER@Alco_PUB@sqlinst1(DC).sde\ALCO_PUB.DBO.Addressing\ALCO_PUB.DBO.COUNTY_CO_STREETS_Display,L_ZIP,-1,-1;R_ZIP "R_ZIP" true true false 10 Text 0 0 ,First,#,\\entfsh01\fsh01_gis$\gisdata\data\Countywide\SDE_Conns\DirectConnect\PUB_VIEWER@Alco_PUB@sqlinst1(DC).sde\ALCO_PUB.DBO.Addressing\ALCO_PUB.DBO.COUNTY_CO_STREETS_Display,R_ZIP,-1,-1;LMUNI "LMUNI" true true false 30 Text 0 0 ,First,#,\\entfsh01\fsh01_gis$\gisdata\data\Countywide\SDE_Conns\DirectConnect\PUB_VIEWER@Alco_PUB@sqlinst1(DC).sde\ALCO_PUB.DBO.Addressing\ALCO_PUB.DBO.COUNTY_CO_STREETS_Display,LMUNI,-1,-1;RMUNI "RMUNI" true true false 30 Text 0 0 ,First,#,\\entfsh01\fsh01_gis$\gisdata\data\Countywide\SDE_Conns\DirectConnect\PUB_VIEWER@Alco_PUB@sqlinst1(DC).sde\ALCO_PUB.DBO.Addressing\ALCO_PUB.DBO.COUNTY_CO_STREETS_Display,RMUNI,-1,-1;F_NODE "F_NODE" true true false 8 Double 8 38 ,First,#,\\entfsh01\fsh01_gis$\gisdata\data\Countywide\SDE_Conns\DirectConnect\PUB_VIEWER@Alco_PUB@sqlinst1(DC).sde\ALCO_PUB.DBO.Addressing\ALCO_PUB.DBO.COUNTY_CO_STREETS_Display,F_NODE,-1,-1;T_NODE "T_NODE" true true false 8 Double 8 38 ,First,#,\\entfsh01\fsh01_gis$\gisdata\data\Countywide\SDE_Conns\DirectConnect\PUB_VIEWER@Alco_PUB@sqlinst1(DC).sde\ALCO_PUB.DBO.Addressing\ALCO_PUB.DBO.COUNTY_CO_STREETS_Display,T_NODE,-1,-1;FCC "FCC" true true false 5 Text 0 0 ,First,#,\\entfsh01\fsh01_gis$\gisdata\data\Countywide\SDE_Conns\DirectConnect\PUB_VIEWER@Alco_PUB@sqlinst1(DC).sde\ALCO_PUB.DBO.Addressing\ALCO_PUB.DBO.COUNTY_CO_STREETS_Display,FCC,-1,-1;SPEED "SPEED" true true false 2 Short 0 5 ,First,#,\\entfsh01\fsh01_gis$\gisdata\data\Countywide\SDE_Conns\DirectConnect\PUB_VIEWER@Alco_PUB@sqlinst1(DC).sde\ALCO_PUB.DBO.Addressing\ALCO_PUB.DBO.COUNTY_CO_STREETS_Display,SPEED,-1,-1;F_ZLEV "F_ZLEV" true true false 4 Long 0 10 ,First,#,\\entfsh01\fsh01_gis$\gisdata\data\Countywide\SDE_Conns\DirectConnect\PUB_VIEWER@Alco_PUB@sqlinst1(DC).sde\ALCO_PUB.DBO.Addressing\ALCO_PUB.DBO.COUNTY_CO_STREETS_Display,F_ZLEV,-1,-1;T_ZLEV "T_ZLEV" true true false 4 Long 0 10 ,First,#,\\entfsh01\fsh01_gis$\gisdata\data\Countywide\SDE_Conns\DirectConnect\PUB_VIEWER@Alco_PUB@sqlinst1(DC).sde\ALCO_PUB.DBO.Addressing\ALCO_PUB.DBO.COUNTY_CO_STREETS_Display,T_ZLEV,-1,-1;ONEWAY "ONEWAY" true true false 5 Text 0 0 ,First,#,\\entfsh01\fsh01_gis$\gisdata\data\Countywide\SDE_Conns\DirectConnect\PUB_VIEWER@Alco_PUB@sqlinst1(DC).sde\ALCO_PUB.DBO.Addressing\ALCO_PUB.DBO.COUNTY_CO_STREETS_Display,ONEWAY,-1,-1;LAR "LAR" true true false 1 Text 0 0 ,First,#,\\entfsh01\fsh01_gis$\gisdata\data\Countywide\SDE_Conns\DirectConnect\PUB_VIEWER@Alco_PUB@sqlinst1(DC).sde\ALCO_PUB.DBO.Addressing\ALCO_PUB.DBO.COUNTY_CO_STREETS_Display,LAR,-1,-1;LARDIR "LARDIR" true true false 2 Text 0 0 ,First,#,\\entfsh01\fsh01_gis$\gisdata\data\Countywide\SDE_Conns\DirectConnect\PUB_VIEWER@Alco_PUB@sqlinst1(DC).sde\ALCO_PUB.DBO.Addressing\ALCO_PUB.DBO.COUNTY_CO_STREETS_Display,LARDIR,-1,-1;A1 "A1" true true false 75 Text 0 0 ,First,#,\\entfsh01\fsh01_gis$\gisdata\data\Countywide\SDE_Conns\DirectConnect\PUB_VIEWER@Alco_PUB@sqlinst1(DC).sde\ALCO_PUB.DBO.Addressing\ALCO_PUB.DBO.COUNTY_CO_STREETS_Display,A1,-1,-1;A2 "A2" true true false 75 Text 0 0 ,First,#,\\entfsh01\fsh01_gis$\gisdata\data\Countywide\SDE_Conns\DirectConnect\PUB_VIEWER@Alco_PUB@sqlinst1(DC).sde\ALCO_PUB.DBO.Addressing\ALCO_PUB.DBO.COUNTY_CO_STREETS_Display,A2,-1,-1;DYNAMAPID "DYNAMAPID" true true false 25 Text 0 0 ,First,#,\\entfsh01\fsh01_gis$\gisdata\data\Countywide\SDE_Conns\DirectConnect\PUB_VIEWER@Alco_PUB@sqlinst1(DC).sde\ALCO_PUB.DBO.Addressing\ALCO_PUB.DBO.COUNTY_CO_STREETS_Display,DYNAMAPID,-1,-1;FULL_NAME "FULL_NAME" true true false 128 Text 0 0 ,First,#,\\entfsh01\fsh01_gis$\gisdata\data\Countywide\SDE_Conns\DirectConnect\PUB_VIEWER@Alco_PUB@sqlinst1(DC).sde\ALCO_PUB.DBO.Addressing\ALCO_PUB.DBO.COUNTY_CO_STREETS_Display,FULL_NAME,-1,-1;ModifiedBy "ModifiedBy" true true false 10 Text 0 0 ,First,#,\\entfsh01\fsh01_gis$\gisdata\data\Countywide\SDE_Conns\DirectConnect\PUB_VIEWER@Alco_PUB@sqlinst1(DC).sde\ALCO_PUB.DBO.Addressing\ALCO_PUB.DBO.COUNTY_CO_STREETS_Display,ModifiedBy,-1,-1;ModifiedOn "ModifiedOn" true true false 30 Text 0 0 ,First,#,\\entfsh01\fsh01_gis$\gisdata\data\Countywide\SDE_Conns\DirectConnect\PUB_VIEWER@Alco_PUB@sqlinst1(DC).sde\ALCO_PUB.DBO.Addressing\ALCO_PUB.DBO.COUNTY_CO_STREETS_Display,ModifiedOn,-1,-1;CreatedBy "CreatedBy" true true false 10 Text 0 0 ,First,#,\\entfsh01\fsh01_gis$\gisdata\data\Countywide\SDE_Conns\DirectConnect\PUB_VIEWER@Alco_PUB@sqlinst1(DC).sde\ALCO_PUB.DBO.Addressing\ALCO_PUB.DBO.COUNTY_CO_STREETS_Display,CreatedBy,-1,-1;CreatedOn "CreatedOn" true true false 30 Text 0 0 ,First,#,\\entfsh01\fsh01_gis$\gisdata\data\Countywide\SDE_Conns\DirectConnect\PUB_VIEWER@Alco_PUB@sqlinst1(DC).sde\ALCO_PUB.DBO.Addressing\ALCO_PUB.DBO.COUNTY_CO_STREETS_Display,CreatedOn,-1,-1;CAD_A1 "CAD_A1" true true false 75 Text 0 0 ,First,#,\\entfsh01\fsh01_gis$\gisdata\data\Countywide\SDE_Conns\DirectConnect\PUB_VIEWER@Alco_PUB@sqlinst1(DC).sde\ALCO_PUB.DBO.Addressing\ALCO_PUB.DBO.COUNTY_CO_STREETS_Display,CAD_A1,-1,-1;CAD_A2 "CAD_A2" true true false 75 Text 0 0 ,First,#,\\entfsh01\fsh01_gis$\gisdata\data\Countywide\SDE_Conns\DirectConnect\PUB_VIEWER@Alco_PUB@sqlinst1(DC).sde\ALCO_PUB.DBO.Addressing\ALCO_PUB.DBO.COUNTY_CO_STREETS_Display,CAD_A2,-1,-1;CAD_LLO "CAD_LLO" true true false 8 Double 8 38 ,First,#,\\entfsh01\fsh01_gis$\gisdata\data\Countywide\SDE_Conns\DirectConnect\PUB_VIEWER@Alco_PUB@sqlinst1(DC).sde\ALCO_PUB.DBO.Addressing\ALCO_PUB.DBO.COUNTY_CO_STREETS_Display,CAD_LLO,-1,-1;CAD_LHI "CAD_LHI" true true false 8 Double 8 38 ,First,#,\\entfsh01\fsh01_gis$\gisdata\data\Countywide\SDE_Conns\DirectConnect\PUB_VIEWER@Alco_PUB@sqlinst1(DC).sde\ALCO_PUB.DBO.Addressing\ALCO_PUB.DBO.COUNTY_CO_STREETS_Display,CAD_LHI,-1,-1;CAD_RLO "CAD_RLO" true true false 8 Double 8 38 ,First,#,\\entfsh01\fsh01_gis$\gisdata\data\Countywide\SDE_Conns\DirectConnect\PUB_VIEWER@Alco_PUB@sqlinst1(DC).sde\ALCO_PUB.DBO.Addressing\ALCO_PUB.DBO.COUNTY_CO_STREETS_Display,CAD_RLO,-1,-1;CAD_RHI "CAD_RHI" true true false 8 Double 8 38 ,First,#,\\entfsh01\fsh01_gis$\gisdata\data\Countywide\SDE_Conns\DirectConnect\PUB_VIEWER@Alco_PUB@sqlinst1(DC).sde\ALCO_PUB.DBO.Addressing\ALCO_PUB.DBO.COUNTY_CO_STREETS_Display,CAD_RHI,-1,-1;P_OVR_L "P_OVR_L" true true false 8 Text 0 0 ,First,#,\\entfsh01\fsh01_gis$\gisdata\data\Countywide\SDE_Conns\DirectConnect\PUB_VIEWER@Alco_PUB@sqlinst1(DC).sde\ALCO_PUB.DBO.Addressing\ALCO_PUB.DBO.COUNTY_CO_STREETS_Display,P_OVR_L,-1,-1;P_OVR_R "P_OVR_R" true true false 8 Text 0 0 ,First,#,\\entfsh01\fsh01_gis$\gisdata\data\Countywide\SDE_Conns\DirectConnect\PUB_VIEWER@Alco_PUB@sqlinst1(DC).sde\ALCO_PUB.DBO.Addressing\ALCO_PUB.DBO.COUNTY_CO_STREETS_Display,P_OVR_R,-1,-1;F_OVR_L "F_OVR_L" true true false 8 Text 0 0 ,First,#,\\entfsh01\fsh01_gis$\gisdata\data\Countywide\SDE_Conns\DirectConnect\PUB_VIEWER@Alco_PUB@sqlinst1(DC).sde\ALCO_PUB.DBO.Addressing\ALCO_PUB.DBO.COUNTY_CO_STREETS_Display,F_OVR_L,-1,-1;F_OVR_R "F_OVR_R" true true false 8 Text 0 0 ,First,#,\\entfsh01\fsh01_gis$\gisdata\data\Countywide\SDE_Conns\DirectConnect\PUB_VIEWER@Alco_PUB@sqlinst1(DC).sde\ALCO_PUB.DBO.Addressing\ALCO_PUB.DBO.COUNTY_CO_STREETS_Display,F_OVR_R,-1,-1;E_OVR_L "E_OVR_L" true true false 8 Text 0 0 ,First,#,\\entfsh01\fsh01_gis$\gisdata\data\Countywide\SDE_Conns\DirectConnect\PUB_VIEWER@Alco_PUB@sqlinst1(DC).sde\ALCO_PUB.DBO.Addressing\ALCO_PUB.DBO.COUNTY_CO_STREETS_Display,E_OVR_L,-1,-1;E_OVR_R "E_OVR_R" true true false 8 Text 0 0 ,First,#,\\entfsh01\fsh01_gis$\gisdata\data\Countywide\SDE_Conns\DirectConnect\PUB_VIEWER@Alco_PUB@sqlinst1(DC).sde\ALCO_PUB.DBO.Addressing\ALCO_PUB.DBO.COUNTY_CO_STREETS_Display,E_OVR_R,-1,-1;CAD "CAD" true true false 1 Text 0 0 ,First,#,\\entfsh01\fsh01_gis$\gisdata\data\Countywide\SDE_Conns\DirectConnect\PUB_VIEWER@Alco_PUB@sqlinst1(DC).sde\ALCO_PUB.DBO.Addressing\ALCO_PUB.DBO.COUNTY_CO_STREETS_Display,CAD,-1,-1;SHAPE_len "SHAPE_len" false false true 0 Double 0 0 ,First,#,\\entfsh01\fsh01_gis$\gisdata\data\Countywide\SDE_Conns\DirectConnect\PUB_VIEWER@Alco_PUB@sqlinst1(DC).sde\ALCO_PUB.DBO.Addressing\ALCO_PUB.DBO.COUNTY_CO_STREETS_Display,SHAPE.len,-1,-1" #</Process><Process ToolSource="c:\program files\arcgis\pro\Resources\ArcToolbox\toolboxes\Conversion Tools.tbx\FeatureClassToFeatureClass" Date="20190201" Time="114004">FeatureClassToFeatureClass "A:\Data\US_PA_AlleghenyCounty_GIS\Allegheny County 2014 October Unsorted\AlleghenyCounty_StreetCenterlines201410.shp" "D:\_07_Work\EvolveFiles\18-418 Allegheny Together\18-418 Allegheny Together Mapping\County Data.gdb" Allegheny_County_Street_Centerlines # "ST_PREFIX "ST_PREFIX" true true false 2 Text 0 0,First,#,A:\Data\US_PA_AlleghenyCounty_GIS\Allegheny County 2014 October Unsorted\AlleghenyCounty_StreetCenterlines201410.shp,ST_PREFIX,0,2;ST_NAME "ST_NAME" true true false 30 Text 0 0,First,#,A:\Data\US_PA_AlleghenyCounty_GIS\Allegheny County 2014 October Unsorted\AlleghenyCounty_StreetCenterlines201410.shp,ST_NAME,0,30;ST_TYPE "ST_TYPE" true true false 4 Text 0 0,First,#,A:\Data\US_PA_AlleghenyCounty_GIS\Allegheny County 2014 October Unsorted\AlleghenyCounty_StreetCenterlines201410.shp,ST_TYPE,0,4;ST_SUFFIX "ST_SUFFIX" true true false 2 Text 0 0,First,#,A:\Data\US_PA_AlleghenyCounty_GIS\Allegheny County 2014 October Unsorted\AlleghenyCounty_StreetCenterlines201410.shp,ST_SUFFIX,0,2;LLO "LLO" true true false 19 Double 8 18,First,#,A:\Data\US_PA_AlleghenyCounty_GIS\Allegheny County 2014 October Unsorted\AlleghenyCounty_StreetCenterlines201410.shp,LLO,-1,-1;LHI "LHI" true true false 19 Double 8 18,First,#,A:\Data\US_PA_AlleghenyCounty_GIS\Allegheny County 2014 October Unsorted\AlleghenyCounty_StreetCenterlines201410.shp,LHI,-1,-1;RLO "RLO" true true false 19 Double 8 18,First,#,A:\Data\US_PA_AlleghenyCounty_GIS\Allegheny County 2014 October Unsorted\AlleghenyCounty_StreetCenterlines201410.shp,RLO,-1,-1;RHI "RHI" true true false 19 Double 8 18,First,#,A:\Data\US_PA_AlleghenyCounty_GIS\Allegheny County 2014 October Unsorted\AlleghenyCounty_StreetCenterlines201410.shp,RHI,-1,-1;L_ZIP "L_ZIP" true true false 10 Text 0 0,First,#,A:\Data\US_PA_AlleghenyCounty_GIS\Allegheny County 2014 October Unsorted\AlleghenyCounty_StreetCenterlines201410.shp,L_ZIP,0,10;R_ZIP "R_ZIP" true true false 10 Text 0 0,First,#,A:\Data\US_PA_AlleghenyCounty_GIS\Allegheny County 2014 October Unsorted\AlleghenyCounty_StreetCenterlines201410.shp,R_ZIP,0,10;LMUNI "LMUNI" true true false 30 Text 0 0,First,#,A:\Data\US_PA_AlleghenyCounty_GIS\Allegheny County 2014 October Unsorted\AlleghenyCounty_StreetCenterlines201410.shp,LMUNI,0,30;RMUNI "RMUNI" true true false 30 Text 0 0,First,#,A:\Data\US_PA_AlleghenyCounty_GIS\Allegheny County 2014 October Unsorted\AlleghenyCounty_StreetCenterlines201410.shp,RMUNI,0,30;F_NODE "F_NODE" true true false 19 Double 8 18,First,#,A:\Data\US_PA_AlleghenyCounty_GIS\Allegheny County 2014 October Unsorted\AlleghenyCounty_StreetCenterlines201410.shp,F_NODE,-1,-1;T_NODE "T_NODE" true true false 19 Double 8 18,First,#,A:\Data\US_PA_AlleghenyCounty_GIS\Allegheny County 2014 October Unsorted\AlleghenyCounty_StreetCenterlines201410.shp,T_NODE,-1,-1;FCC "FCC" true true false 5 Text 0 0,First,#,A:\Data\US_PA_AlleghenyCounty_GIS\Allegheny County 2014 October Unsorted\AlleghenyCounty_StreetCenterlines201410.shp,FCC,0,5;SPEED "SPEED" true true false 5 Long 0 5,First,#,A:\Data\US_PA_AlleghenyCounty_GIS\Allegheny County 2014 October Unsorted\AlleghenyCounty_StreetCenterlines201410.shp,SPEED,-1,-1;F_ZLEV "F_ZLEV" true true false 10 Long 0 10,First,#,A:\Data\US_PA_AlleghenyCounty_GIS\Allegheny County 2014 October Unsorted\AlleghenyCounty_StreetCenterlines201410.shp,F_ZLEV,-1,-1;T_ZLEV "T_ZLEV" true true false 10 Long 0 10,First,#,A:\Data\US_PA_AlleghenyCounty_GIS\Allegheny County 2014 October Unsorted\AlleghenyCounty_StreetCenterlines201410.shp,T_ZLEV,-1,-1;ONEWAY "ONEWAY" true true false 5 Text 0 0,First,#,A:\Data\US_PA_AlleghenyCounty_GIS\Allegheny County 2014 October Unsorted\AlleghenyCounty_StreetCenterlines201410.shp,ONEWAY,0,5;LAR "LAR" true true false 1 Text 0 0,First,#,A:\Data\US_PA_AlleghenyCounty_GIS\Allegheny County 2014 October Unsorted\AlleghenyCounty_StreetCenterlines201410.shp,LAR,0,1;LARDIR "LARDIR" true true false 2 Text 0 0,First,#,A:\Data\US_PA_AlleghenyCounty_GIS\Allegheny County 2014 October Unsorted\AlleghenyCounty_StreetCenterlines201410.shp,LARDIR,0,2;A1 "A1" true true false 75 Text 0 0,First,#,A:\Data\US_PA_AlleghenyCounty_GIS\Allegheny County 2014 October Unsorted\AlleghenyCounty_StreetCenterlines201410.shp,A1,0,75;A2 "A2" true true false 75 Text 0 0,First,#,A:\Data\US_PA_AlleghenyCounty_GIS\Allegheny County 2014 October Unsorted\AlleghenyCounty_StreetCenterlines201410.shp,A2,0,75;DYNAMAPID "DYNAMAPID" true true false 25 Text 0 0,First,#,A:\Data\US_PA_AlleghenyCounty_GIS\Allegheny County 2014 October Unsorted\AlleghenyCounty_StreetCenterlines201410.shp,DYNAMAPID,0,25;FULL_NAME "FULL_NAME" true true false 128 Text 0 0,First,#,A:\Data\US_PA_AlleghenyCounty_GIS\Allegheny County 2014 October Unsorted\AlleghenyCounty_StreetCenterlines201410.shp,FULL_NAME,0,128;ModifiedBy "ModifiedBy" true true false 10 Text 0 0,First,#,A:\Data\US_PA_AlleghenyCounty_GIS\Allegheny County 2014 October Unsorted\AlleghenyCounty_StreetCenterlines201410.shp,ModifiedBy,0,10;ModifiedOn "ModifiedOn" true true false 30 Text 0 0,First,#,A:\Data\US_PA_AlleghenyCounty_GIS\Allegheny County 2014 October Unsorted\AlleghenyCounty_StreetCenterlines201410.shp,ModifiedOn,0,30;CreatedBy "CreatedBy" true true false 10 Text 0 0,First,#,A:\Data\US_PA_AlleghenyCounty_GIS\Allegheny County 2014 October Unsorted\AlleghenyCounty_StreetCenterlines201410.shp,CreatedBy,0,10;CreatedOn "CreatedOn" true true false 30 Text 0 0,First,#,A:\Data\US_PA_AlleghenyCounty_GIS\Allegheny County 2014 October Unsorted\AlleghenyCounty_StreetCenterlines201410.shp,CreatedOn,0,30;CAD_A1 "CAD_A1" true true false 75 Text 0 0,First,#,A:\Data\US_PA_AlleghenyCounty_GIS\Allegheny County 2014 October Unsorted\AlleghenyCounty_StreetCenterlines201410.shp,CAD_A1,0,75;CAD_A2 "CAD_A2" true true false 75 Text 0 0,First,#,A:\Data\US_PA_AlleghenyCounty_GIS\Allegheny County 2014 October Unsorted\AlleghenyCounty_StreetCenterlines201410.shp,CAD_A2,0,75;CAD_LLO "CAD_LLO" true true false 19 Double 8 18,First,#,A:\Data\US_PA_AlleghenyCounty_GIS\Allegheny County 2014 October Unsorted\AlleghenyCounty_StreetCenterlines201410.shp,CAD_LLO,-1,-1;CAD_LHI "CAD_LHI" true true false 19 Double 8 18,First,#,A:\Data\US_PA_AlleghenyCounty_GIS\Allegheny County 2014 October Unsorted\AlleghenyCounty_StreetCenterlines201410.shp,CAD_LHI,-1,-1;CAD_RLO "CAD_RLO" true true false 19 Double 8 18,First,#,A:\Data\US_PA_AlleghenyCounty_GIS\Allegheny County 2014 October Unsorted\AlleghenyCounty_StreetCenterlines201410.shp,CAD_RLO,-1,-1;CAD_RHI "CAD_RHI" true true false 19 Double 8 18,First,#,A:\Data\US_PA_AlleghenyCounty_GIS\Allegheny County 2014 October Unsorted\AlleghenyCounty_StreetCenterlines201410.shp,CAD_RHI,-1,-1;P_OVR_L "P_OVR_L" true true false 8 Text 0 0,First,#,A:\Data\US_PA_AlleghenyCounty_GIS\Allegheny County 2014 October Unsorted\AlleghenyCounty_StreetCenterlines201410.shp,P_OVR_L,0,8;P_OVR_R "P_OVR_R" true true false 8 Text 0 0,First,#,A:\Data\US_PA_AlleghenyCounty_GIS\Allegheny County 2014 October Unsorted\AlleghenyCounty_StreetCenterlines201410.shp,P_OVR_R,0,8;F_OVR_L "F_OVR_L" true true false 8 Text 0 0,First,#,A:\Data\US_PA_AlleghenyCounty_GIS\Allegheny County 2014 October Unsorted\AlleghenyCounty_StreetCenterlines201410.shp,F_OVR_L,0,8;F_OVR_R "F_OVR_R" true true false 8 Text 0 0,First,#,A:\Data\US_PA_AlleghenyCounty_GIS\Allegheny County 2014 October Unsorted\AlleghenyCounty_StreetCenterlines201410.shp,F_OVR_R,0,8;E_OVR_L "E_OVR_L" true true false 8 Text 0 0,First,#,A:\Data\US_PA_AlleghenyCounty_GIS\Allegheny County 2014 October Unsorted\AlleghenyCounty_StreetCenterlines201410.shp,E_OVR_L,0,8;E_OVR_R "E_OVR_R" true true false 8 Text 0 0,First,#,A:\Data\US_PA_AlleghenyCounty_GIS\Allegheny County 2014 October Unsorted\AlleghenyCounty_StreetCenterlines201410.shp,E_OVR_R,0,8;CAD "CAD" true true false 1 Text 0 0,First,#,A:\Data\US_PA_AlleghenyCounty_GIS\Allegheny County 2014 October Unsorted\AlleghenyCounty_StreetCenterlines201410.shp,CAD,0,1;SHAPE_len "SHAPE_len" true true false 19 Double 0 0,First,#,A:\Data\US_PA_AlleghenyCounty_GIS\Allegheny County 2014 October Unsorted\AlleghenyCounty_StreetCenterlines201410.shp,SHAPE_len,-1,-1" #</Process><Process ToolSource="c:\program files\arcgis\pro\Resources\ArcToolbox\toolboxes\Conversion Tools.tbx\FeatureClassToFeatureClass" Date="20200122" Time="211844">FeatureClassToFeatureClass "D:\_07_Work\evolve_files\18-418 Allegheny Together\_05_Mapping\County Data.gdb\Allegheny_County_Street_Centerlines" "D:\Google_Drive\48773 - Urban Design Computing Spring 2020\_99_Admin\UDC General Mapping Project\UDC General Mapping Project.gdb" Allegheny_County_Street_Centerlines # "ST_PREFIX "ST_PREFIX" true true false 2 Text 0 0,First,#,D:\_07_Work\evolve_files\18-418 Allegheny Together\_05_Mapping\County Data.gdb\Allegheny_County_Street_Centerlines,ST_PREFIX,0,2;ST_NAME "ST_NAME" true true false 30 Text 0 0,First,#,D:\_07_Work\evolve_files\18-418 Allegheny Together\_05_Mapping\County Data.gdb\Allegheny_County_Street_Centerlines,ST_NAME,0,30;ST_TYPE "ST_TYPE" true true false 4 Text 0 0,First,#,D:\_07_Work\evolve_files\18-418 Allegheny Together\_05_Mapping\County Data.gdb\Allegheny_County_Street_Centerlines,ST_TYPE,0,4;ST_SUFFIX "ST_SUFFIX" true true false 2 Text 0 0,First,#,D:\_07_Work\evolve_files\18-418 Allegheny Together\_05_Mapping\County Data.gdb\Allegheny_County_Street_Centerlines,ST_SUFFIX,0,2;LLO "LLO" true true false 8 Double 0 0,First,#,D:\_07_Work\evolve_files\18-418 Allegheny Together\_05_Mapping\County Data.gdb\Allegheny_County_Street_Centerlines,LLO,-1,-1;LHI "LHI" true true false 8 Double 0 0,First,#,D:\_07_Work\evolve_files\18-418 Allegheny Together\_05_Mapping\County Data.gdb\Allegheny_County_Street_Centerlines,LHI,-1,-1;RLO "RLO" true true false 8 Double 0 0,First,#,D:\_07_Work\evolve_files\18-418 Allegheny Together\_05_Mapping\County Data.gdb\Allegheny_County_Street_Centerlines,RLO,-1,-1;RHI "RHI" true true false 8 Double 0 0,First,#,D:\_07_Work\evolve_files\18-418 Allegheny Together\_05_Mapping\County Data.gdb\Allegheny_County_Street_Centerlines,RHI,-1,-1;L_ZIP "L_ZIP" true true false 10 Text 0 0,First,#,D:\_07_Work\evolve_files\18-418 Allegheny Together\_05_Mapping\County Data.gdb\Allegheny_County_Street_Centerlines,L_ZIP,0,10;R_ZIP "R_ZIP" true true false 10 Text 0 0,First,#,D:\_07_Work\evolve_files\18-418 Allegheny Together\_05_Mapping\County Data.gdb\Allegheny_County_Street_Centerlines,R_ZIP,0,10;LMUNI "LMUNI" true true false 30 Text 0 0,First,#,D:\_07_Work\evolve_files\18-418 Allegheny Together\_05_Mapping\County Data.gdb\Allegheny_County_Street_Centerlines,LMUNI,0,30;RMUNI "RMUNI" true true false 30 Text 0 0,First,#,D:\_07_Work\evolve_files\18-418 Allegheny Together\_05_Mapping\County Data.gdb\Allegheny_County_Street_Centerlines,RMUNI,0,30;F_NODE "F_NODE" true true false 8 Double 0 0,First,#,D:\_07_Work\evolve_files\18-418 Allegheny Together\_05_Mapping\County Data.gdb\Allegheny_County_Street_Centerlines,F_NODE,-1,-1;T_NODE "T_NODE" true true false 8 Double 0 0,First,#,D:\_07_Work\evolve_files\18-418 Allegheny Together\_05_Mapping\County Data.gdb\Allegheny_County_Street_Centerlines,T_NODE,-1,-1;FCC "FCC" true true false 5 Text 0 0,First,#,D:\_07_Work\evolve_files\18-418 Allegheny Together\_05_Mapping\County Data.gdb\Allegheny_County_Street_Centerlines,FCC,0,5;SPEED "SPEED" true true false 4 Long 0 0,First,#,D:\_07_Work\evolve_files\18-418 Allegheny Together\_05_Mapping\County Data.gdb\Allegheny_County_Street_Centerlines,SPEED,-1,-1;F_ZLEV "F_ZLEV" true true false 4 Long 0 0,First,#,D:\_07_Work\evolve_files\18-418 Allegheny Together\_05_Mapping\County Data.gdb\Allegheny_County_Street_Centerlines,F_ZLEV,-1,-1;T_ZLEV "T_ZLEV" true true false 4 Long 0 0,First,#,D:\_07_Work\evolve_files\18-418 Allegheny Together\_05_Mapping\County Data.gdb\Allegheny_County_Street_Centerlines,T_ZLEV,-1,-1;ONEWAY "ONEWAY" true true false 5 Text 0 0,First,#,D:\_07_Work\evolve_files\18-418 Allegheny Together\_05_Mapping\County Data.gdb\Allegheny_County_Street_Centerlines,ONEWAY,0,5;LAR "LAR" true true false 1 Text 0 0,First,#,D:\_07_Work\evolve_files\18-418 Allegheny Together\_05_Mapping\County Data.gdb\Allegheny_County_Street_Centerlines,LAR,0,1;LARDIR "LARDIR" true true false 2 Text 0 0,First,#,D:\_07_Work\evolve_files\18-418 Allegheny Together\_05_Mapping\County Data.gdb\Allegheny_County_Street_Centerlines,LARDIR,0,2;A1 "A1" true true false 75 Text 0 0,First,#,D:\_07_Work\evolve_files\18-418 Allegheny Together\_05_Mapping\County Data.gdb\Allegheny_County_Street_Centerlines,A1,0,75;A2 "A2" true true false 75 Text 0 0,First,#,D:\_07_Work\evolve_files\18-418 Allegheny Together\_05_Mapping\County Data.gdb\Allegheny_County_Street_Centerlines,A2,0,75;DYNAMAPID "DYNAMAPID" true true false 25 Text 0 0,First,#,D:\_07_Work\evolve_files\18-418 Allegheny Together\_05_Mapping\County Data.gdb\Allegheny_County_Street_Centerlines,DYNAMAPID,0,25;FULL_NAME "FULL_NAME" true true false 128 Text 0 0,First,#,D:\_07_Work\evolve_files\18-418 Allegheny Together\_05_Mapping\County Data.gdb\Allegheny_County_Street_Centerlines,FULL_NAME,0,128;ModifiedBy "ModifiedBy" true true false 10 Text 0 0,First,#,D:\_07_Work\evolve_files\18-418 Allegheny Together\_05_Mapping\County Data.gdb\Allegheny_County_Street_Centerlines,ModifiedBy,0,10;ModifiedOn "ModifiedOn" true true false 30 Text 0 0,First,#,D:\_07_Work\evolve_files\18-418 Allegheny Together\_05_Mapping\County Data.gdb\Allegheny_County_Street_Centerlines,ModifiedOn,0,30;CreatedBy "CreatedBy" true true false 10 Text 0 0,First,#,D:\_07_Work\evolve_files\18-418 Allegheny Together\_05_Mapping\County Data.gdb\Allegheny_County_Street_Centerlines,CreatedBy,0,10;CreatedOn "CreatedOn" true true false 30 Text 0 0,First,#,D:\_07_Work\evolve_files\18-418 Allegheny Together\_05_Mapping\County Data.gdb\Allegheny_County_Street_Centerlines,CreatedOn,0,30;CAD_A1 "CAD_A1" true true false 75 Text 0 0,First,#,D:\_07_Work\evolve_files\18-418 Allegheny Together\_05_Mapping\County Data.gdb\Allegheny_County_Street_Centerlines,CAD_A1,0,75;CAD_A2 "CAD_A2" true true false 75 Text 0 0,First,#,D:\_07_Work\evolve_files\18-418 Allegheny Together\_05_Mapping\County Data.gdb\Allegheny_County_Street_Centerlines,CAD_A2,0,75;CAD_LLO "CAD_LLO" true true false 8 Double 0 0,First,#,D:\_07_Work\evolve_files\18-418 Allegheny Together\_05_Mapping\County Data.gdb\Allegheny_County_Street_Centerlines,CAD_LLO,-1,-1;CAD_LHI "CAD_LHI" true true false 8 Double 0 0,First,#,D:\_07_Work\evolve_files\18-418 Allegheny Together\_05_Mapping\County Data.gdb\Allegheny_County_Street_Centerlines,CAD_LHI,-1,-1;CAD_RLO "CAD_RLO" true true false 8 Double 0 0,First,#,D:\_07_Work\evolve_files\18-418 Allegheny Together\_05_Mapping\County Data.gdb\Allegheny_County_Street_Centerlines,CAD_RLO,-1,-1;CAD_RHI "CAD_RHI" true true false 8 Double 0 0,First,#,D:\_07_Work\evolve_files\18-418 Allegheny Together\_05_Mapping\County Data.gdb\Allegheny_County_Street_Centerlines,CAD_RHI,-1,-1;P_OVR_L "P_OVR_L" true true false 8 Text 0 0,First,#,D:\_07_Work\evolve_files\18-418 Allegheny Together\_05_Mapping\County Data.gdb\Allegheny_County_Street_Centerlines,P_OVR_L,0,8;P_OVR_R "P_OVR_R" true true false 8 Text 0 0,First,#,D:\_07_Work\evolve_files\18-418 Allegheny Together\_05_Mapping\County Data.gdb\Allegheny_County_Street_Centerlines,P_OVR_R,0,8;F_OVR_L "F_OVR_L" true true false 8 Text 0 0,First,#,D:\_07_Work\evolve_files\18-418 Allegheny Together\_05_Mapping\County Data.gdb\Allegheny_County_Street_Centerlines,F_OVR_L,0,8;F_OVR_R "F_OVR_R" true true false 8 Text 0 0,First,#,D:\_07_Work\evolve_files\18-418 Allegheny Together\_05_Mapping\County Data.gdb\Allegheny_County_Street_Centerlines,F_OVR_R,0,8;E_OVR_L "E_OVR_L" true true false 8 Text 0 0,First,#,D:\_07_Work\evolve_files\18-418 Allegheny Together\_05_Mapping\County Data.gdb\Allegheny_County_Street_Centerlines,E_OVR_L,0,8;E_OVR_R "E_OVR_R" true true false 8 Text 0 0,First,#,D:\_07_Work\evolve_files\18-418 Allegheny Together\_05_Mapping\County Data.gdb\Allegheny_County_Street_Centerlines,E_OVR_R,0,8;CAD "CAD" true true false 1 Text 0 0,First,#,D:\_07_Work\evolve_files\18-418 Allegheny Together\_05_Mapping\County Data.gdb\Allegheny_County_Street_Centerlines,CAD,0,1;Shape_Length "Shape_Length" false true true 8 Double 0 0,First,#,D:\_07_Work\evolve_files\18-418 Allegheny Together\_05_Mapping\County Data.gdb\Allegheny_County_Street_Centerlines,Shape_Length,-1,-1" #</Process><Process ToolSource="c:\program files\arcgis\pro\Resources\ArcToolbox\toolboxes\Analysis Tools.tbx\Clip" Date="20200122" Time="212711">Clip Allegheny_County_Street_Centerlines NeighborhoodBoundaries "D:\Google_Drive\48773 - Urban Design Computing Spring 2020\_99_Admin\UDC General Mapping Project\PGH East End Neighborhoods.gdb\PGH_EastEnd_StreetCenter" #</Process><Process ToolSource="c:\program files\arcgis\pro\Resources\ArcToolbox\toolboxes\Conversion Tools.tbx\FeatureClassToFeatureClass" Date="20210313" Time="073953">FeatureClassToFeatureClass "East End\PGH_EastEnd_StreetCenter" "F:\My Drive\48773 - Urban Design Computing Spring 2020\_99_Admin\UDC General Mapping Project\Demo_GIS_Types.gdb" Polyline_MultipartMix_Streets # "ST_PREFIX "ST_PREFIX" true true false 2 Text 0 0,First,#,East End\PGH_EastEnd_StreetCenter,ST_PREFIX,0,2;ST_NAME "ST_NAME" true true false 30 Text 0 0,First,#,East End\PGH_EastEnd_StreetCenter,ST_NAME,0,30;ST_TYPE "ST_TYPE" true true false 4 Text 0 0,First,#,East End\PGH_EastEnd_StreetCenter,ST_TYPE,0,4;ST_SUFFIX "ST_SUFFIX" true true false 2 Text 0 0,First,#,East End\PGH_EastEnd_StreetCenter,ST_SUFFIX,0,2;LLO "LLO" true true false 8 Double 0 0,First,#,East End\PGH_EastEnd_StreetCenter,LLO,-1,-1;LHI "LHI" true true false 8 Double 0 0,First,#,East End\PGH_EastEnd_StreetCenter,LHI,-1,-1;RLO "RLO" true true false 8 Double 0 0,First,#,East End\PGH_EastEnd_StreetCenter,RLO,-1,-1;RHI "RHI" true true false 8 Double 0 0,First,#,East End\PGH_EastEnd_StreetCenter,RHI,-1,-1;L_ZIP "L_ZIP" true true false 10 Text 0 0,First,#,East End\PGH_EastEnd_StreetCenter,L_ZIP,0,10;R_ZIP "R_ZIP" true true false 10 Text 0 0,First,#,East End\PGH_EastEnd_StreetCenter,R_ZIP,0,10;LMUNI "LMUNI" true true false 30 Text 0 0,First,#,East End\PGH_EastEnd_StreetCenter,LMUNI,0,30;RMUNI "RMUNI" true true false 30 Text 0 0,First,#,East End\PGH_EastEnd_StreetCenter,RMUNI,0,30;F_NODE "F_NODE" true true false 8 Double 0 0,First,#,East End\PGH_EastEnd_StreetCenter,F_NODE,-1,-1;T_NODE "T_NODE" true true false 8 Double 0 0,First,#,East End\PGH_EastEnd_StreetCenter,T_NODE,-1,-1;FCC "FCC" true true false 5 Text 0 0,First,#,East End\PGH_EastEnd_StreetCenter,FCC,0,5;SPEED "SPEED" true true false 4 Long 0 0,First,#,East End\PGH_EastEnd_StreetCenter,SPEED,-1,-1;F_ZLEV "F_ZLEV" true true false 4 Long 0 0,First,#,East End\PGH_EastEnd_StreetCenter,F_ZLEV,-1,-1;T_ZLEV "T_ZLEV" true true false 4 Long 0 0,First,#,East End\PGH_EastEnd_StreetCenter,T_ZLEV,-1,-1;ONEWAY "ONEWAY" true true false 5 Text 0 0,First,#,East End\PGH_EastEnd_StreetCenter,ONEWAY,0,5;LAR "LAR" true true false 1 Text 0 0,First,#,East End\PGH_EastEnd_StreetCenter,LAR,0,1;LARDIR "LARDIR" true true false 2 Text 0 0,First,#,East End\PGH_EastEnd_StreetCenter,LARDIR,0,2;A1 "A1" true true false 75 Text 0 0,First,#,East End\PGH_EastEnd_StreetCenter,A1,0,75;A2 "A2" true true false 75 Text 0 0,First,#,East End\PGH_EastEnd_StreetCenter,A2,0,75;DYNAMAPID "DYNAMAPID" true true false 25 Text 0 0,First,#,East End\PGH_EastEnd_StreetCenter,DYNAMAPID,0,25;FULL_NAME "FULL_NAME" true true false 128 Text 0 0,First,#,East End\PGH_EastEnd_StreetCenter,FULL_NAME,0,128;ModifiedBy "ModifiedBy" true true false 10 Text 0 0,First,#,East End\PGH_EastEnd_StreetCenter,ModifiedBy,0,10;ModifiedOn "ModifiedOn" true true false 30 Text 0 0,First,#,East End\PGH_EastEnd_StreetCenter,ModifiedOn,0,30;CreatedBy "CreatedBy" true true false 10 Text 0 0,First,#,East End\PGH_EastEnd_StreetCenter,CreatedBy,0,10;CreatedOn "CreatedOn" true true false 30 Text 0 0,First,#,East End\PGH_EastEnd_StreetCenter,CreatedOn,0,30;CAD_A1 "CAD_A1" true true false 75 Text 0 0,First,#,East End\PGH_EastEnd_StreetCenter,CAD_A1,0,75;CAD_A2 "CAD_A2" true true false 75 Text 0 0,First,#,East End\PGH_EastEnd_StreetCenter,CAD_A2,0,75;CAD_LLO "CAD_LLO" true true false 8 Double 0 0,First,#,East End\PGH_EastEnd_StreetCenter,CAD_LLO,-1,-1;CAD_LHI "CAD_LHI" true true false 8 Double 0 0,First,#,East End\PGH_EastEnd_StreetCenter,CAD_LHI,-1,-1;CAD_RLO "CAD_RLO" true true false 8 Double 0 0,First,#,East End\PGH_EastEnd_StreetCenter,CAD_RLO,-1,-1;CAD_RHI "CAD_RHI" true true false 8 Double 0 0,First,#,East End\PGH_EastEnd_StreetCenter,CAD_RHI,-1,-1;P_OVR_L "P_OVR_L" true true false 8 Text 0 0,First,#,East End\PGH_EastEnd_StreetCenter,P_OVR_L,0,8;P_OVR_R "P_OVR_R" true true false 8 Text 0 0,First,#,East End\PGH_EastEnd_StreetCenter,P_OVR_R,0,8;F_OVR_L "F_OVR_L" true true false 8 Text 0 0,First,#,East End\PGH_EastEnd_StreetCenter,F_OVR_L,0,8;F_OVR_R "F_OVR_R" true true false 8 Text 0 0,First,#,East End\PGH_EastEnd_StreetCenter,F_OVR_R,0,8;E_OVR_L "E_OVR_L" true true false 8 Text 0 0,First,#,East End\PGH_EastEnd_StreetCenter,E_OVR_L,0,8;E_OVR_R "E_OVR_R" true true false 8 Text 0 0,First,#,East End\PGH_EastEnd_StreetCenter,E_OVR_R,0,8;CAD "CAD" true true false 1 Text 0 0,First,#,East End\PGH_EastEnd_StreetCenter,CAD,0,1;Shape_Length "Shape_Length" false true true 8 Double 0 0,First,#,East End\PGH_EastEnd_StreetCenter,Shape_Length,-1,-1" #</Process><Process ToolSource="c:\program files\arcgis\pro\Resources\ArcToolbox\toolboxes\Data Management Tools.tbx\CopyFeatures" Date="20210313" Time="074729">CopyFeatures "F:\My Drive\48773 - Urban Design Computing Spring 2020\_99_Admin\UDC General Mapping Project\Demo_GIS_Types.gdb\Polyline_MultipartMix_Streets" "F:\My Drive\48773 - Urban Design Computing Spring 2020\_99_Admin\UDC General Mapping Project\_03_ExportedData\Example SHP Importer Files\Polyline_MultipartMix_Streets.shp" # # # #</Process></lineage></DataProperties></Esri><mdDateSt Sync="TRUE">20210313</mdDateSt></metadata>
