{
  "displayFieldName" : "",
  "fieldAliases" : {
    "OBJECTID" : "OBJECTID",
    "Shape_Length" : "Shape_Length",
    "Shape_Area" : "Shape_Area",
    "Name" : "Name",
    "Number" : "Number"
  },
  "geometryType" : "esriGeometryPolygon",
  "spatialReference" : {
    "wkid" : 102729,
    "latestWkid" : 2272
  },
  "fields" : [
    {
      "name" : "OBJECTID",
      "type" : "esriFieldTypeOID",
      "alias" : "OBJECTID"
    },
    {
      "name" : "Shape_Length",
      "type" : "esriFieldTypeDouble",
      "alias" : "Shape_Length"
    },
    {
      "name" : "Shape_Area",
      "type" : "esriFieldTypeDouble",
      "alias" : "Shape_Area"
    },
    {
      "name" : "Name",
      "type" : "esriFieldTypeString",
      "alias" : "Name",
      "length" : 255
    },
    {
      "name" : "Number",
      "type" : "esriFieldTypeDouble",
      "alias" : "Number"
    }
  ],
  "features" : [
    {
      "attributes" : {
        "OBJECTID" : 1,
        "Shape_Length" : 19356.620196505541,
        "Shape_Area" : 12197134.246217212,
        "Name" : "Boundary with two Holes",
        "Number" : 2
      },
      "geometry" : {
        "rings" : [
          [
            [
              1363559.9565305561,
              414773.81735722721
            ],
            [
              1363060.867961809,
              415809.42617839575
            ],
            [
              1363316.6509148031,
              418454.59575681388
            ],
            [
              1363452.3760370612,
              418882.65198731422
            ],
            [
              1365082.1769113094,
              418105.23359464109
            ],
            [
              1366111.5468998104,
              418254.96032930911
            ],
            [
              1368107.9015028924,
              417356.60090556741
            ],
            [
              1366853.9414123893,
              415522.45037439466
            ],
            [
              1364127.6699620485,
              415079.50900305808
            ],
            [
              1363559.9565305561,
              414773.81735722721
            ]
          ],
          [
            [
              1366271.8779439777,
              417584.8517614007
            ],
            [
              1366651.2938518077,
              417370.61236047745
            ],
            [
              1366770.6787836403,
              417637.18499006331
            ],
            [
              1366394.5338666439,
              417825.25744855404
            ],
            [
              1366271.8779439777,
              417584.8517614007
            ]
          ],
          [
            [
              1363993.6446395516,
              416363.50446656346
            ],
            [
              1364457.2513238937,
              416306.00458155572
            ],
            [
              1364733.4771493822,
              416211.43127989769
            ],
            [
              1364891.5887098014,
              416590.52008864284
            ],
            [
              1364772.20344989,
              416879.98834173381
            ],
            [
              1364091.8714772165,
              417158.00878305733
            ],
            [
              1363993.6446395516,
              416363.50446656346
            ]
          ]
        ]
      }
    }
  ]
}