{
  "displayFieldName" : "",
  "fieldAliases" : {
    "OBJECTID" : "OBJECTID",
    "Name" : "Name",
    "Number" : "Number"
  },
  "geometryType" : "esriGeometryMultipoint",
  "spatialReference" : {
    "wkid" : 102729,
    "latestWkid" : 2272
  },
  "fields" : [
    {
      "name" : "OBJECTID",
      "type" : "esriFieldTypeOID",
      "alias" : "OBJECTID"
    },
    {
      "name" : "Name",
      "type" : "esriFieldTypeString",
      "alias" : "Name",
      "length" : 255
    },
    {
      "name" : "Number",
      "type" : "esriFieldTypeDouble",
      "alias" : "Number"
    }
  ],
  "features" : [
    {
      "attributes" : {
        "OBJECTID" : 2,
        "Name" : "Multi",
        "Number" : 4
      },
      "geometry" : {
        "points" : [
          [
            1364391.0811806321,
            416484.97469605505
          ],
          [
            1364509.6564028114,
            416757.1746109724
          ],
          [
            1364542.7642762214,
            416882.92042247951
          ],
          [
            1364203.0024885535,
            416950.54659956694
          ]
        ]
      }
    }
  ]
}